-37675.071,-112464.44
-98327.524,-137596.95
-156400.81,-303091.45
27815.426,-48762.563
14728.275,8956.9959
-56828.180,-118197.99
-28187.906,-82904.480
-31174.977,-72577.958
-57729.213,-98401.943
19568.396,-42655.901
-33799.221,-95138.038
39317.852,-33728.322
36518.648,23786.974
130536.81,119516.27
-54759.343,-91185.484
-9143.7149,-96677.729
-6972.0276,-89464.615
-59080.455,-103085.52
-43804.400,-69702.045
-55222.988,-130124.55
-27019.518,-60659.307
51730.360,31147.732
38506.262,24114.421
52570.340,47553.826
14890.693,18954.160
27761.452,37949.075
-55173.505,-110137.16
-35722.379,-116112.78
153198.86,112128.23
40648.765,14028.986
22081.300,-10340.160
11823.416,2817.5967
-36650.463,-56994.587
-100066.63,-203629.21
-38801.072,-80189.704
8610.9978,38090.573
5975.1260,-24419.485
-27857.162,-54971.458
6389.3521,-72446.468
104240.97,122437.61
42400.590,33717.925
-40509.454,-56593.663
-86458.821,-114491.63
19972.299,15987.315
-53378.287,-156040.77
55332.272,10971.902
27269.992,13478.953
-33388.110,-86278.957
16302.835,-54495.875
33258.842,-65376.661
-54972.868,-140250.44
-44315.127,-87634.130
-16848.102,-49485.152
80177.724,85700.370
15571.474,-6117.4236
2431.0714,-20409.360
-11074.504,-14162.023
23015.441,63633.147
-34894.097,-66434.678
21299.756,-6537.8583
-19342.730,-16107.056
82850.177,11937.317
19312.556,-57755.459
-73498.886,-103340.09
65374.032,-747.71987
43015.895,-2611.3551
24680.739,-4332.7994
-51845.683,-137453.85
-137114.15,-231241.51
-31607.812,-62229.492
-113170.45,-197212.29
-44868.077,-65345.348
-40357.412,-57394.794
-48639.391,-75286.940
28661.189,-45374.273
-41888.558,-50195.374
30800.905,-4999.8329
9078.0225,-56511.952
47042.745,8899.3578
3267.3490,-45999.882
-1668.8925,-5817.1829
-13265.826,-48962.033
-28724.903,-21740.557
39700.542,45981.031
-31973.629,-6680.4643
45234.788,4701.5239
-27033.982,-132216.95
-56101.914,-167039.44
-91060.704,-101469.18
-62617.856,-134142.94
-58289.989,-176869.78
36250.479,-560.20508
-45243.025,-73016.169
-34589.482,-130000.75
-2614.2580,-62017.241
-47471.470,-59598.976
5407.3772,23100.781
49302.567,-29071.355
8416.3193,-117643.54
-30769.703,-80310.441
26345.336,-7036.0877
-49419.935,-138775.15
-62071.247,-134401.57
-87409.835,-147942.60
52708.536,-2481.4498
-65797.097,-138653.15
79961.595,115473.20
-23397.803,34848.931
80533.553,-10805.827
-66774.385,-78816.993
7333.2617,-84037.749
-34619.757,-60158.585
33490.827,16167.966
66265.679,30375.624
-213.77478,-36912.465
-15748.863,-48988.281
-33246.250,-107696.82
-13795.661,-45008.821
45054.513,-3412.6125
-122334.70,-123436.22
-1061.5712,-58646.619
-95361.265,-177899.40
-53961.084,-101510.78
-66488.389,-124051.04
-43046.420,-95058.775
-46775.305,-128173.75
-57775.035,-104202.08
84626.002,47938.167
18050.288,-28281.185
24824.466,19816.136
94915.945,58063.554
-66589.873,-100128.43
-45680.132,-99837.694
121569.34,80516.939
-45542.536,-69567.982
-27449.162,-18524.540
-8049.9404,25468.842
142287.15,134913.93
5842.7514,-86215.109
-5656.7579,-22287.850
-36177.759,-85905.755
-61460.525,-108883.77
-13137.946,-90143.566
63141.203,13173.503
66716.588,21948.691
11549.229,-28384.460
-13687.102,-89241.541
-61528.237,-121734.53
40527.492,10410.247
10319.609,-14715.638
-22016.155,-113987.59
69900.021,48047.247
-147952.93,-193109.02
-35600.476,-38358.925
-99229.600,-148687.90
-49343.467,-141245.55
-17873.510,-32824.515
25343.491,-79425.352
5098.0041,6761.7716
-24040.412,-77820.973
-78934.174,-130358.65
-50032.954,-131697.65
-32600.055,-98465.886
-28971.414,-16747.406
75518.165,89847.388
-15140.265,-71383.185
-134717.28,-221436.19
93791.219,107474.87
-39800.822,-129439.05
17013.250,-27888.614
48376.811,112129.37
63584.991,21987.202
-12794.811,-91790.658
-88321.136,-160440.31
-40838.177,-82278.784
-76423.849,-74981.622
-32309.775,-105277.09
67443.838,-33214.438
71663.580,115464.18
-40966.429,-103708.03
10614.746,-82697.018
-54062.767,-114807.50
49936.914,-36080.123
-49726.841,-119376.60
-3758.3212,-56638.323
-30812.413,-68268.968
-53470.606,-59324.611
12631.045,176.68912
-23599.922,-42083.689
31564.419,-79017.962
-29683.711,-48909.829
-35925.562,-112827.83
-8643.3721,-74466.498
-67959.042,-132521.88
-1147.1350,-47289.491
57080.603,28477.243
-2877.2353,-12350.186
-46548.813,-41957.235
44080.086,-40681.832
25597.423,-25400.996
-2051.9829,-65363.759
-29900.759,-49166.892
-67235.662,-93472.805
-60149.890,-83828.334
20539.753,-3148.2739
10691.701,-50383.996
-23898.620,-35844.036
-29848.651,-81496.988
-88604.157,-124213.22
-18566.797,-61296.850
4822.3570,-24250.666
-54703.058,-76189.723
26635.399,12633.122
14045.236,-18394.889
2872.0777,-22730.162
-47768.684,-90225.188
-13490.581,-83685.357
-59737.224,-215556.84
-21792.118,-81733.078
-138360.90,-202426.00
-34296.193,-3995.7067
24174.106,-124907.96
46007.718,19922.381
31126.805,12432.806
-257.32513,-107356.86
18712.838,-8678.7710
-27428.896,-23925.075
14687.884,-53800.439
45771.164,4160.5375
16560.696,-51831.933
-29366.632,-77073.199
5773.7317,-37359.060
-4230.4398,-76726.640
-62579.546,-132426.84
46151.873,41279.821
4758.2092,-21393.338
-43390.475,-140924.71
21716.697,-13527.990
17242.377,-18213.095
14206.198,-19924.745
-75433.154,-135528.80
33119.053,-21628.276
35725.886,12008.368
6312.0021,-48175.808
-11214.939,-67305.282
-4023.1155,-35310.127
54406.124,12632.268
33764.466,20092.565
-103935.68,-161923.12
-60248.501,-117544.09
26007.269,-17394.703
-23321.419,-54782.765
28777.083,37738.552
-32106.249,-73969.305
-5807.5954,-73258.391
-25235.555,-37266.149
-19033.037,-77822.398
18782.767,11413.590
31272.012,11829.408
-53320.172,-55105.576
-75401.757,-199899.04
-15733.342,-48863.646
37672.648,-25649.852
-73991.892,-124413.10
107484.41,64816.868
49420.202,32918.074
-75123.668,-89245.129
-72235.345,-128385.90
5236.6910,-66558.328
-65148.044,-83005.662
47585.878,-8832.9671
-45352.944,-100974.95
-40715.136,-63782.178
-103870.46,-195433.60
-30480.480,-107918.36
-41519.364,-93771.324
-104926.82,-110505.62
62959.812,17683.397
-92742.962,-155609.95
45419.337,33845.811
-41360.668,-120394.01
59996.407,-5633.6382
4900.7107,-20541.626
31427.281,-27285.265
2164.2680,-36779.863
80.938516,-81130.476
108737.97,92021.646
16171.653,-58445.269
-43703.610,-108887.02
-39471.426,-94719.822
-99320.094,-156877.04
-28543.510,-47567.016
-67656.518,-155273.90
7252.6318,-49590.865
14526.591,-36612.204
-137018.04,-140224.20
-7979.1391,-67334.893
-58440.606,-159633.79
-60238.883,-82013.712
13038.694,52237.556
-85475.218,-181424.88
-48136.302,-31960.243
72947.826,80846.822
-11850.385,-15530.297
-84730.218,-125785.93
-112035.74,-150455.97
35245.693,48034.719
-2237.0588,-48574.973
-28893.382,-48401.135
108772.29,91857.986
-1566.6954,-49686.833
-60222.014,-73077.107
-88637.003,-84683.854
9230.2780,-88303.257
-30895.921,-69767.800
-31327.946,-99059.557
-40044.020,-69251.084
-13056.301,-75114.365
-77151.751,-89388.289
-120129.81,-184621.21
41926.121,4429.3747
70311.150,20682.701
79723.652,58636.749
-21278.125,-101494.53
112704.76,107807.00
-8617.8303,-72307.922
7914.1033,-48180.792
-35293.263,-100609.20
27552.268,2682.8831
-86367.616,-145248.34
42398.534,50422.659
-18643.344,-150124.58
24930.479,-871.18176
18586.373,-18221.856
-45782.772,-88303.533
-67581.695,-87573.420
-70776.949,-113343.94
17289.901,-23638.473
11120.491,-107044.77
-22056.227,-81365.141
-7380.1387,-36349.433
-59491.295,-91171.048
-43773.655,-133451.58
-33742.767,-41202.891
-110717.36,-151289.53
30198.824,19282.200
7749.1729,-73084.482
58057.273,49218.534
-98109.167,-93207.587
80318.045,25921.777
45898.244,-27580.660
69813.826,29036.549
-7078.5139,-100589.65
-41427.647,-89375.273
43767.174,-5113.4331
-50108.985,-88710.617
66651.460,69841.427
-114.44231,11540.538
-106828.56,-203985.65
-31582.492,-97016.069
-65919.333,-180956.22
70082.430,-50906.358
-7381.3366,-77362.115
-98182.355,-79617.833
15737.254,-10479.388
-97724.634,-83696.511
2713.9985,-22937.461
53977.117,-12538.325
-4083.4064,-32876.748
-69467.116,-106278.39
-47118.408,-26447.385
58742.560,7366.0756
-58894.979,-149874.05
-28909.246,-89516.895
-21089.613,-37768.533
47272.389,4149.4375
7216.3006,-74549.892
-45516.872,-90677.949
32578.982,8075.3248
-89856.493,-135661.95
-67227.095,-160537.63
-42747.461,-86055.127
-53352.290,-24620.028
-32788.398,-99676.428
34401.353,47987.207
15185.910,-11454.188
-8810.3834,-85902.499
15121.154,-7511.9949
-2568.5698,7443.4668
-29474.530,-59723.104
-40222.750,-19419.809
52063.515,34144.974
-85572.519,-129048.16
54779.892,-33392.080
-51334.988,-149804.54
79128.007,51639.541
-7590.6199,-41666.453
-55956.013,-73556.200
-63327.735,-43695.042
49490.378,32228.060
2448.5685,-19962.882
-59379.249,-97095.588
-90510.989,-199845.36
82520.283,92546.786
-38775.486,-139622.45
-70541.620,-154779.51
9118.3493,-93680.519
3890.0297,-15994.859
-66745.064,-103131.85
8494.6682,-26479.760
-14724.287,-65150.093
7653.2746,12142.762
-8258.6115,-53240.005
26452.902,-48518.803
80619.964,-722.69934
28340.267,-3448.3579
-89127.239,-175672.15
-31692.773,-12224.041
-37556.751,-74783.456
-63439.092,-155846.63
23899.174,8583.6901
18303.035,-41651.110
10249.884,-10982.042
-12423.190,-7139.1803
96654.974,44145.548
9204.6253,-14326.854
-87155.869,-121832.46
-49265.894,-63216.268
-42742.780,-145195.03
79086.440,50726.462
-12426.462,-99671.555
-44928.108,-119226.49
-6212.1732,-35428.662
-93469.522,-178645.74
-5414.0634,-44323.034
-19033.504,425.68687
-4115.5175,-8777.6721
45206.919,-26300.005
11890.643,-48109.812
-72765.226,-168262.70
59302.494,68306.301
-36850.725,-58778.061
-96080.748,-212959.56
-34852.762,-106851.61
48606.628,8335.1555
-50093.032,-95243.199
-12006.188,-64824.312
20220.806,-25799.436
61619.866,46468.606
-69684.085,-105408.30
-71286.254,-104376.61
-36724.781,-85594.326
-82434.379,-106101.68
82582.416,84454.496
-21273.737,-46208.343
-9453.3869,-82257.064
-5756.5507,-77457.500
107075.31,76441.766
-101219.50,-133756.61
-40877.906,-39549.796
9013.7531,-71829.665
-77552.789,-103698.75
-27627.174,-82682.547
-51627.581,-138354.61
-87641.067,-201972.50
-51603.115,-83092.346
21730.293,-105417.05
-61544.139,-98986.516
-83356.719,-124209.70
38412.279,-25677.399
-8318.6830,-60832.785
-51111.317,-107785.01
23983.429,-48809.447
-40668.079,-93872.793
-4265.8282,3061.4359
-2110.0002,-50931.314
-23549.347,-40220.750
18054.876,28873.778
-40086.518,-142939.43
6889.3190,-2286.0542
-25879.582,-173840.51
-13437.763,-62188.808
9251.7844,-46790.652
28578.063,-25114.528
33006.145,-21592.701
19818.168,-48058.101
-77801.653,-163717.70
89493.219,77373.726
-57732.296,-118955.82
-28256.375,-120035.75
-12207.551,-64088.605
-77699.448,-143920.13
-72118.630,-157460.99
46691.209,19902.773
-54516.528,-131366.71
-37608.287,-85759.355
-7185.1874,-48410.325
-74860.236,-118024.42
-40452.358,-105629.74
-17833.945,-81202.117
47313.985,-14779.163
-48928.393,-37877.826
7557.6626,-31448.072
-52602.569,-49917.057
-49688.198,-60491.361
13421.794,-38515.442
-40.464104,-47874.499
30658.579,-46404.961
-24640.319,-64953.894
-49200.749,-31353.660
65909.506,-41622.050
-105605.58,-168818.63
-41439.011,-87352.071
-83704.073,-156009.64
13473.942,-23474.414
8246.7446,-25522.556
-64440.061,-95621.551
-48684.477,-102269.47
29051.397,-35718.070
-88711.674,-62554.331
-39787.766,-68562.321
-81611.939,-83509.183
-66736.107,-108993.05
-11193.473,-15748.999
14716.836,-53864.712
-67250.761,-71703.741
-56004.564,-92325.574
6956.3790,-37756.213
6896.6534,13349.467
-2012.4977,-66606.793
-72836.260,-137191.48
126623.70,95294.637
-61266.427,-105490.59
80604.439,65808.100
69601.321,7859.4849
37463.247,42822.696
23309.352,-38012.740
-25561.723,-64123.659
-20799.919,7254.1767
79622.830,31382.698
132683.94,64171.221
-31981.410,-156619.42
-19996.438,-116524.12
-11577.585,-49357.344
-82100.389,-232753.48
-9207.6821,-69144.257
58422.950,-4776.2940
13441.168,-35148.309
130229.97,97403.822
-45581.165,-56763.578
-19877.664,-30001.063
-4249.3574,4181.7398
1110.0395,-42385.752
-71309.033,-180321.56
-109387.85,-163187.40
56243.775,18778.937
-29437.375,-52356.818
2733.4279,-22787.708
2561.0260,-574.79060
-51559.042,-61520.144
-66322.267,-139518.12
-6961.0018,-8684.0919
18606.011,50402.233
-6827.9022,-61549.199
48654.103,47860.317
-93089.984,-202990.10
9625.6536,-70253.034
-17088.389,-75019.513
22551.946,-59730.964
-25037.677,-73727.110
32084.477,-7988.7502
-37798.382,-84053.378
-50025.402,-135477.22
1754.1280,-8335.3123
29264.887,-19679.737
79619.963,51182.507
-23895.262,-101261.47
11989.272,-36388.038
52269.726,25459.025
49028.190,4087.8544
-16011.554,-86010.611
39018.705,-31357.717
-185378.07,-230759.59
-63391.680,-158515.53
40461.228,-19199.644
-49528.571,-77769.944
-95314.507,-108212.74
63209.942,67034.748
-64280.412,-115337.97
-53304.940,-113612.55
-51736.210,-90986.208
-58654.839,-110128.72
25929.491,-26957.708
60829.951,44147.666
-15290.228,-75855.117
-47195.742,-167111.15
31462.324,53800.513
-22498.402,-11771.376
-4131.8283,-69456.360
72507.411,12724.996
77353.991,55926.647
548.78985,-76186.397
-54553.959,-113363.78
70978.611,53404.979
26904.302,5849.0864
-6022.0142,-56201.839
-49120.329,-62576.719
-45409.699,-54189.604
-14549.827,-50916.502
-80438.159,-148894.01
-2891.5006,-53576.311
25515.378,46408.638
-45788.451,-46564.634
-79943.110,-126943.01
-18196.634,-70880.762
2388.0887,-2226.6520
-2759.0751,-60335.782
-51309.950,-44612.853
-53716.286,-152658.80
123605.06,145135.62
-11516.027,-50366.081
35142.680,83137.270
-14988.769,-69568.155
-38458.652,-157117.32
-117754.27,-216308.14
-58218.208,-128043.00
25346.240,-5790.3304
-52381.644,-121327.06
-731.41172,-28047.345
-58198.480,-132931.81
-55086.139,-53994.601
-101996.21,-198050.78
16988.897,-23553.086
79076.679,102461.84
-45025.544,-102523.00
96691.153,31667.340
-43732.669,-104836.14
-101970.79,-173843.70
-78462.556,-90697.680
75014.644,16067.752
119581.70,177252.61
20514.716,-78587.488
57306.400,-21004.195
23073.688,10301.255
22432.738,-6048.0949
65486.407,78732.541
42498.550,40105.992
-58705.910,-32171.108
-28012.615,-108554.75
-63856.237,-50685.045
-102316.97,-142183.36
11852.182,-2224.0040
-20766.594,-48720.146
-123944.79,-230223.86
-45980.131,-60631.437
-51093.229,-158783.66
-83755.303,-87221.442
-81369.864,-141236.22
7473.7344,27340.596
-98174.533,-182144.07
10651.590,-13812.435
1777.3557,-65205.849
-73018.490,-79808.310
-14176.613,-122867.09
-22725.362,-122240.24
66637.515,36869.372
27640.775,-15995.687
-35513.486,-89240.507
-25763.653,-131921.45
20426.841,-69762.289
-28275.865,-74596.262
-22919.322,-71311.396
-38058.722,-2998.3620
39384.750,48074.825
76743.992,45885.827
-117977.10,-188727.33
-19643.525,-96986.356
-135463.85,-232725.50
-21208.107,-86021.515
-59405.599,-158132.18
-26847.433,-130540.14
-114778.60,-214785.19
17359.386,84378.853
-24089.363,-81348.977
-27498.540,-88439.490
-39173.647,-91902.809
22036.455,-49260.379
84008.148,70282.026
-57684.348,-124829.75
-94643.765,-158244.66
-33124.671,-59056.004
-48002.028,-97702.164
-14849.651,-91064.489
-33394.884,-63413.328
8853.3194,-55863.066
-2527.7943,-58679.490
-1222.8818,-30059.836
-108047.34,-240247.24
320.29964,-64842.290
-92003.156,-145022.05
-112059.76,-227658.05
16424.021,-56531.692
52833.177,-56857.140
33810.051,36172.628
-59696.609,-126014.07
-21038.933,-86318.342
79349.865,65850.466
-13978.846,-150544.70
-21218.830,-72244.359
95565.095,197308.60
-84138.429,-147448.58
-11218.594,-63607.594
-2714.4147,-23064.791
30291.806,16.610257
6463.7128,-11430.380
-48914.650,-73440.166
23685.486,-63464.624
14574.074,-72381.153
77038.231,13300.395
-77839.678,-223265.88
-24033.530,-78167.065
-27709.644,-54578.500
-72987.148,-86223.274
-68581.700,-115481.20
40954.515,-2326.6359
-24636.676,-61775.778
-6994.5316,-25643.844
-75741.445,-96265.187
20472.035,-38733.718
121617.87,47957.174
-24929.340,-86517.574
32546.412,27419.419
577.05699,-68495.240
88072.785,23786.548
-10980.755,-96602.658
-2596.1160,-36500.931
-18864.346,-18714.476
-39603.617,-147307.89
23561.999,27171.371
36487.931,-15709.335
-21706.102,-78728.086
79714.828,33447.453
-13720.876,-30088.829
-25095.204,-70357.248
-65029.050,-82543.222
9856.8380,-46580.212
-31807.844,-62010.370
-23301.819,14160.846
-3349.3050,-41475.488
-49793.046,-53798.974
21624.047,-71383.296
-27737.799,-101172.90
-15664.971,-99915.783
-12079.791,-35435.951
70199.671,100713.09
68222.296,84093.837
-4385.2296,-38131.958
5327.7453,-60124.664
-41634.631,-124994.13
-65107.866,-144883.15
-30486.074,-60126.670
3479.5957,-55248.269
30513.247,28051.570
-16873.728,-133761.25
2860.1400,-41605.031
48380.050,12017.495
120191.43,104339.57
-39600.446,-61914.844
-28246.267,-99661.910
-48436.948,-86214.295
917.62296,-12285.567
-92164.940,-78228.185
92241.142,52610.557
13064.903,-43646.109
16876.220,-26571.738
78555.949,48639.468
-48486.379,-132997.63
8837.0545,-46039.489
-52098.630,-160313.19
16988.642,-38901.198
-123991.90,-156562.42
39704.980,-11584.371
69632.514,34394.908
-20995.270,-131493.85
-13325.063,-92383.720
25460.496,11144.772
-68275.902,-128397.67
10939.582,-51492.257
-10062.956,-113055.74
1705.1484,-35854.275
-12907.420,-17847.637
11578.177,-51203.032
5408.3493,-27504.843
36450.459,-43593.679
119745.24,161711.00
36238.890,-54992.726
-40412.143,-89585.559
-39095.983,-43377.468
-72173.950,-114045.46
-46733.828,-125901.72
-7063.5474,-87853.517
58389.988,116677.94
-44786.131,-136706.28
17777.892,-4381.8941
-49785.900,-76817.641
-94772.655,-172791.63
-21385.793,-66504.031
-35536.509,-138465.91
-96235.239,-177890.10
-51707.046,-115867.28
30405.798,-62027.846
24937.920,-5526.0704
-62236.567,-93162.573
-15726.494,-92191.124
-47750.810,-32802.356
-28897.623,-85187.884
135360.14,126453.81
-25489.654,-46790.166
19327.167,-46145.402
-1476.4949,-52625.980
-91.770464,-69098.175
-96722.620,-125230.14
1743.5204,-32188.548
-88880.290,-150856.16
124172.46,101555.50
-49293.344,-132062.55
-34618.673,-37315.516
5689.0616,5495.8172
-39571.678,-76727.917
-81438.776,-60672.018
-33207.756,-95260.453
-21341.646,-103974.37
-52163.569,-85027.616
-2996.8771,-36934.902
-39214.183,-33788.917
-93485.413,-198546.61
-56698.176,-124772.01
131592.95,60309.820
-4607.6436,-84983.237
-7906.5529,-94599.955
14643.241,7065.0409
46040.277,-9467.7405
13266.318,-45635.902
-8252.6104,-20396.833
-81209.416,-113578.47
35999.852,-5856.1447
-56054.538,-143679.24
-43057.962,-94336.149
12428.747,-12514.610
-10284.256,-28379.989
11448.269,-63199.002
-52699.516,-129201.26
-35218.667,-22739.859
7375.2102,-26102.301
14360.437,21019.612
3054.2921,-114943.89
44175.156,9491.0346
61677.067,-16884.010
-30090.191,-110408.19
31446.780,-59444.334
2816.0481,-26468.519
79656.099,9882.3998
-1165.2133,-23803.684
-39130.251,-111063.22
8114.3763,-24571.809
-16298.312,-49832.217
68093.257,83166.578
-66593.789,-104930.40
15142.163,-43076.754
-33941.126,-112099.17
-26257.245,-116413.93
-63647.348,-149030.50
-89588.847,-116343.02
-10759.209,8566.0942
-31897.832,-96957.506
-7699.0211,-88776.952
-27348.706,-75325.370
-66297.667,-117329.15
-18547.165,-45490.241
74829.762,34869.826
-11633.494,-59534.506
-105710.80,-194412.40
28066.828,-44772.580
2693.8279,-35360.821
-348.33393,-22444.236
29551.047,-95806.815
-60318.149,-68800.187
-50420.940,-135970.57
-61378.410,-128732.88
65726.056,55318.676
100083.39,66071.113
-65375.442,-145553.41
-58077.195,-70060.880
-21016.076,-87038.082
4428.1239,-17809.916
-5270.8333,-733.38607
-72923.665,-190955.48
38994.267,45700.612
50479.605,75679.663
37674.273,-5204.3133
90458.528,73569.212
-94297.516,-135424.75
-12634.597,-59641.427
-1907.2400,-123494.90
75075.463,7723.6658
25598.981,-28242.449
-23291.224,-90589.587
55466.960,101274.86
116193.09,91718.675
12891.060,-42661.661
6397.9454,-29624.169
-2233.3206,-27519.556
-23684.769,-15288.645
4484.9631,-31426.210
54325.934,-6749.6418
-29312.473,-111351.79
53081.478,-1178.2418
-40370.794,-91041.529
90558.228,39219.039
-32629.240,-106726.26
-16510.035,-49618.445
25938.846,-40591.115
-57644.656,-68698.576
-90334.336,-99119.088
-104397.73,-187840.36
-84022.739,-195977.82
-41427.989,-57948.317
-35252.591,-65914.110
53235.757,-17897.521
-47133.154,-96337.686
36498.951,-20844.760
-71950.774,-148969.68
-34648.654,-104882.69
-36057.176,-117551.24
21045.659,45851.111
-141906.38,-184218.98
-11309.151,-79743.200
-36255.703,-108371.02
-47690.132,-32169.009
-17900.778,-31796.996
-29750.422,-130899.35
-75417.842,-187592.12
-40265.349,-102574.32
-46300.859,-57855.464
29582.386,-48183.819
39654.953,9083.1837
4210.7083,-14471.065
-75574.572,-171548.61
692.87914,7856.7310
-28943.476,-48997.433
-25120.774,-67600.666
-90619.253,-200960.43
-130486.08,-265975.05
105843.09,136193.20
-14042.442,-31832.708
-19120.501,-47070.937
-8440.0707,-25703.852
44395.384,54919.754
55331.716,14434.645
-79966.239,-81830.504
-42000.498,-137251.82
-51833.581,-69358.064
12171.361,-13957.715
-23049.955,-117751.41
71761.616,101280.94
4544.9824,-42580.674
64615.460,6894.6908
-56232.882,-141326.39
-56952.927,-97126.689
-18912.434,-42771.732
52003.589,64028.769
-31862.246,-70000.084
-96628.716,-164770.97
8639.8007,33594.135
12172.929,-23723.815
-29076.152,-157027.56
-67171.698,-87944.737
-4506.2277,-56220.571
-42098.748,-123436.98
-11117.584,-80831.058
-16047.695,-31155.156
-41255.616,-161428.84
-16767.435,-34295.050
-55607.125,-154027.77
-46476.752,-30503.784
21628.349,-69831.414
-109130.81,-166207.21
-24341.538,-87375.329
31525.300,58697.710
41134.961,21644.974
931.19145,-80507.077
-51453.466,-115386.78
64194.912,65712.954
-84544.102,-95019.835
37787.129,209.11420
-13910.260,-9419.4947
-49973.581,-84815.033
20313.605,16534.624
-93366.930,-173607.37
22916.217,-59824.579
-55118.428,-104329.79
-120007.43,-171739.08
-17697.822,-110186.37
-82327.099,-126525.63
29070.541,-15179.949
-65190.655,-200693.98
-8249.8064,-103248.35
-12312.986,-649.93439
-63481.060,-192594.21
4490.4882,-66286.536
46252.885,-19027.497
-15144.733,-152528.68
-22100.048,-56433.125
61411.908,34736.958
-57542.289,-136498.21
68616.940,-31141.463
13123.091,-60563.641
-33385.715,-86579.979
-65274.792,-127182.62
23830.416,-60192.957
-10028.505,-58306.088
-15743.888,-29463.624
9414.2472,-64749.993
-32828.809,-48932.618
58176.762,12465.844
-8836.0890,-71852.983
-12048.297,-75286.262
36611.008,3366.1250
-56556.778,-107043.50
-55561.230,-110810.79
-84364.183,-127428.24
-111431.23,-217722.69
-34735.351,-116375.44
-36089.982,-103331.10
-9012.3239,-98905.186
-13554.710,-22690.022
-100681.27,-175851.03
-49061.361,-135617.47
-14418.461,-37414.413
23912.869,-36893.781
12980.110,-73024.151
11024.297,-12131.103
-97191.438,-170671.50
44487.483,34804.425
7928.1122,-54456.934
-33472.561,-108699.39
19470.548,-13335.076
3531.0340,-65928.800
-15689.572,-90593.409
-55404.633,-109961.78
-1076.2152,-40691.148
8758.9355,32959.943
41171.992,-25393.956
5044.7217,-14362.393
3430.7459,-17373.681
-146527.89,-173439.84
10210.719,-48284.263
10982.414,4066.3525
-39182.820,-87320.318
-49922.457,-81685.377
15641.034,-67159.685
-45333.510,-109313.41
-90590.023,-168442.44
88684.834,98448.964
15266.824,-26274.634
-25453.553,-8430.4594
49929.585,20933.221
121186.89,90597.132
19074.436,-56943.924
62961.412,80259.229
53343.631,-10072.504
-13043.076,-100343.50
-28889.993,-124517.59
-70410.381,-150668.14
59447.507,56161.452
-59668.033,-62681.854
30560.893,3110.5372
-24463.356,-43453.265
69664.470,50519.356
12785.543,-50058.212
-1009.8863,-58077.742
119578.35,61058.335
-41421.445,-79610.496
47899.347,17966.349
-53247.190,-49516.273
-494.21662,-86118.727
-21298.217,-28359.746
-35094.345,-78081.994
-21824.425,-65925.474
-49767.165,-65927.738
24416.278,-1634.9743
-15172.133,-24225.626
71397.537,21417.600
18090.643,-25299.661
-75006.593,-147318.70
-1980.0358,-54622.165
129472.75,115332.34
21252.295,27557.635
7263.1077,27782.823
-34187.599,-88754.738
49223.506,-9686.1697
1998.4399,-36028.602
-10517.878,-115729.64
36485.844,-90561.159
25721.822,-332.55075
66899.106,-17345.870
114779.14,114820.75
-2559.5775,-73895.507
-12149.868,-55932.298
8177.2582,22.568426
-45663.858,-120689.43
-84971.301,-151499.81
-7806.5815,-51873.008
-101322.99,-183793.69
-52436.566,-69450.351
16691.312,-43187.026
-85601.889,-129257.70
-8669.2016,-8108.0111
-8357.7426,-17124.011
-17409.787,-109901.75
4286.1072,-10475.469
-15986.890,-58878.239
43296.424,-31060.863
45219.489,6686.1117
-63679.852,-86988.712
-43171.516,-84187.173
-52964.939,-119778.74
-91270.705,-136348.23
97411.940,70933.126
36374.628,33390.792
27697.120,-12576.608
67967.184,-12709.678
13810.594,-102396.11
41308.767,30712.353
6611.0544,20041.282
24894.686,-14123.337
-63142.907,-118423.21
83263.498,56410.013
33530.078,3888.5748
-79644.670,-157587.49
-63635.935,-52696.561
-50620.283,-142365.06
-88656.313,-167581.78
-58364.316,-103535.43
13870.276,-72672.208
2117.0895,-33246.389
-24849.942,-97517.783
-96277.991,-146472.47
-53825.569,-56009.726
28892.990,46171.572
17945.452,-14714.284
47866.401,79090.834
85085.064,42534.638
49180.874,38152.307
16726.111,-76399.961
-22869.726,-35370.618
2221.0992,-41986.043
-38510.550,-80608.377
29468.294,8316.2007
38448.788,-53354.795
-49590.946,-119222.40
5618.6248,-2362.9635
-22037.966,-51859.144
-13845.511,-5741.3619
-104791.86,-214507.49
-8089.2440,-64752.327
-79103.549,-106326.17
-2992.3634,-65579.775
-5284.7390,-130228.84
12076.991,-52762.235
-90766.963,-147822.46
-47226.024,-161272.38
-15738.377,-86932.868
-15172.043,-91079.964
-95833.442,-115134.70
-27730.650,-82430.433
-128001.32,-185675.10
-50675.442,-48045.483
129.17099,-33848.676
-18772.484,-65753.020
71436.161,26859.261
-69327.218,-79468.478
-46157.245,-60940.965
46995.086,-5977.8078
-655.45994,-54466.969
48153.264,10008.307
-32978.838,-72702.304
25121.349,4554.9487
-70594.521,-130441.48
20170.694,29609.959
-147473.82,-192800.03
334.43039,-51359.142
9235.2943,-21372.848
-59497.180,-70154.369
65906.690,31080.718
-53850.767,-60323.690
6132.1939,-18046.444
23926.134,-2778.8898
112564.74,106548.91
-38515.533,-24865.192
118366.46,139371.51
-8129.1628,-18507.596
-65806.248,-149245.38
-40795.685,-219782.33
-9354.4236,-42951.191
1060.6473,-75530.437
-48025.822,-96507.182
-13047.095,-25934.499
35689.666,42121.968
-51965.898,-132652.11
-8751.6350,-61128.566
23232.084,-1963.2932
-43945.644,-111278.53
49178.580,-38964.794
10518.471,-27599.021
-10246.340,-87646.119
11234.840,-73360.049
-50530.123,-83867.800
9437.1158,-59666.381
-99903.788,-161379.97
25298.732,29023.935
78374.901,-4105.9950
-42171.703,-89633.758
-14055.278,-3274.0282
22395.152,-7811.7209
-16973.379,-52795.860
-77235.068,-141257.24
44856.150,70690.862
-46023.062,-93936.064
-21672.981,-38903.587
76433.208,16956.184
17273.629,-71849.217
-53282.916,-89790.757
-82841.014,-156619.03
-29217.612,-122557.04
66712.342,18619.353
23687.947,-21313.305
-19867.815,-86512.943
-55584.517,-43529.572
-12904.598,-47619.621
-40794.328,-154001.34
-94401.218,-198980.81
-23188.373,-73062.401
28004.033,27744.209
-40671.349,-134837.29
-94538.988,-145473.09
-38292.394,-144694.67
-39186.099,-124613.80
-71373.844,-90845.990
-25096.790,-34258.125
53922.021,-32142.981
7171.7063,11807.524
62495.155,-60035.143
-10026.911,-76506.587
12663.598,1979.8613
-74378.196,-139007.64
-87205.330,-96069.768
105055.87,123991.65
-24564.281,-17540.620
-30820.914,-71376.762
16054.540,-60696.760
-35637.937,-146571.61
-57516.811,-73827.770
-66370.879,-162766.17
-51514.801,-72708.866
-30251.767,-104348.77
68069.973,2542.4029
5484.3055,-34146.959
25342.540,25279.910
-27911.702,-32362.373
70450.224,17697.659
49219.218,66872.143
-55388.093,-147006.82
-109706.09,-232839.16
18483.150,29615.436
-92885.045,-198966.26
10326.815,45706.430
-119782.78,-234622.09
-25401.448,-96446.488
-12835.419,-57321.589
62571.112,39682.198
26097.695,18077.680
11324.382,-33082.118
-20083.389,-2389.8679
-84274.571,-144370.10
-58265.745,-103868.22
-1597.2357,-40943.560
-3595.9713,-97031.234
-31219.200,-59811.671
-8538.7241,-14235.942
-47252.329,-128882.40
47524.161,54676.297
34924.835,-47504.640
29097.564,16702.346
-106920.15,-211453.50
-110427.32,-129599.35
-28509.618,-110454.65
-52992.520,-132436.51
6385.0779,-47350.415
3005.0966,-36131.969
21282.883,-29995.915
124418.57,83501.984
18767.514,-51498.444
-82110.887,-164393.69
-146723.25,-219308.81
-115881.46,-275992.68
-105284.69,-143699.89
39432.027,64042.905
10372.968,-9198.5395
-96145.423,-176583.63
13445.954,-25643.413
38383.782,62765.920
-32044.962,-115230.44
-17623.082,-35774.817
-49310.179,-87602.904
-61756.288,-92428.259
-78311.741,-117886.28
-5308.0462,-63753.628
-76884.227,-140325.35
86401.336,54703.189
4206.4474,-3977.2093
36539.959,-3899.8634
-39417.103,-83737.237
43105.672,-60712.219
-21682.013,77828.972
-1788.0750,-19430.476
-61913.619,-99914.143
-44359.093,-81675.092
47602.785,-27476.332
-6018.0198,-81332.011
16720.579,-30316.481
-41274.796,-80768.366
2247.6552,31155.458
-4536.8347,-43667.237
-93097.343,-128769.08
35317.502,44010.248
74586.330,80011.841
-37222.131,-107758.39
-39842.217,-74519.403
20932.663,-55727.193
-90205.654,-165118.34
4166.5110,-87115.497
27300.792,-98945.270
10382.667,-74153.313
50171.184,35284.533
-5991.9118,-80143.199
-103020.28,-134679.23
1258.1224,-43907.913
-17100.432,-59417.161
49069.357,19221.198
-12397.100,-71678.376
-12978.834,-134476.53
41626.920,22534.960
47750.488,-8255.2489
12230.379,2096.1925
36676.678,-47185.362
-48217.366,-82626.320
10987.328,-32017.876
-38796.978,-154939.95
88185.198,-862.70471
-37353.027,-73629.789
33042.240,48161.726
-57428.557,-76930.450
-62320.288,-133167.92
-71282.497,-125541.34
57598.499,26347.528
-31510.668,-52769.335
-104427.80,-179214.20
-15342.221,-34063.269
-23911.601,-53258.912
78653.629,100469.07
21197.296,4703.2824
62166.424,84892.997
-8758.0439,-67736.365
17163.505,-517.77235
-28596.387,-73964.653
-20017.795,-74464.419
26733.763,-26187.748
51409.399,-22713.910
61062.334,31747.281
-7521.9657,2517.9039
61153.036,-20749.934
-3425.7201,-23493.254
1168.7778,-19863.385
29822.642,-8520.7874
-58408.374,-130588.69
-87958.668,-153363.91
57381.149,13083.815
-38330.435,-93995.855
38777.832,-55492.919
-59682.910,-78728.655
-15069.508,-125843.49
46043.622,-46081.378
-12074.540,-45743.892
70678.474,82101.111
-57640.938,-95941.442
-7261.0543,-123137.97
53212.377,1692.6624
32188.083,17471.324
14114.965,-50330.039
-42596.851,-88939.198
42397.382,6447.8224
14928.160,-94823.870
290.28198,-98543.566
9099.4128,-17069.153
3865.6862,-27425.676
-39882.575,-60807.903
-60454.065,-116801.72
-41949.380,-50508.738
38530.369,-32291.733
-29294.339,-38877.796
26349.366,-35409.895
51981.768,20225.675
-59443.501,-155601.16
-27411.499,-129611.78
7980.8937,11084.064
26041.160,-54908.371
-52967.032,-152736.17
-17328.179,-44652.608
-3369.1444,-6031.9172
45970.674,64553.699
38177.215,-11624.764
-23623.952,-71174.739
31559.040,50004.360
50669.693,-17014.438
21267.234,-121540.02
-20117.250,-89467.048
-18505.642,-52923.582
82890.689,-17183.857
-35857.787,-146967.30
-15233.219,-15361.980
-67760.528,-147826.71
-84838.044,-115774.39
-55984.320,-103833.21
-115959.69,-210941.60
17515.259,-25500.963
33158.040,-37582.364
24721.410,3171.2777
8123.0156,-61702.988
-10833.797,-45562.874
-29687.426,-68036.697
-87395.529,-142450.83
15165.444,-64403.843
20524.991,-19800.767
54817.568,40946.942
-66436.145,-144246.54
-9487.6921,-21967.528
10982.079,-4956.9357
-108343.54,-174759.22
16666.231,-59855.283
16801.407,-17120.095
-16579.687,-10840.232
79988.261,66928.790
-65019.478,-60305.891
-28400.163,-66101.301
8445.8678,-11528.557
33811.852,-13928.539
47742.086,-44195.792
8025.4227,-87377.906
29099.427,49608.238
-37574.143,-155816.26
63084.018,52775.975
-43525.923,-111961.76
-27222.639,-60097.540
-28772.626,-102994.88
52296.197,-5356.7672
-41931.780,32358.950
64563.852,-50722.569
-15001.915,-58353.477
38952.775,17742.546
-81714.742,-137616.99
-80547.697,-94631.702
-128017.81,-240254.07
5422.8923,-38664.836
-44532.118,-87387.333
12738.912,-26367.452
-33882.699,-57708.753
35406.271,4052.9808
-26861.247,-77856.075
26651.686,18183.714
-42900.103,-155341.79
-2848.4392,-80858.324
-33295.541,-44682.824
-91840.191,-171469.91
40513.197,-39660.741
-25395.453,-73583.548
25314.364,32726.817
30021.453,-18026.352
64815.510,31321.926
-40297.400,-109218.86
-66221.869,-97736.129
-91393.739,-156844.22
-29411.676,-63888.953
-22536.115,-78234.254
-46531.791,-63628.325
55867.621,-18835.107
-48574.751,-46413.380
16703.448,-35216.967
-19471.548,-33403.813
40060.910,17132.566
14474.983,-39781.510
-31532.066,-71724.517
1055.9355,-62405.136
-38827.349,-47455.497
-199687.86,-287464.95
181.64973,5070.1359
25148.288,18552.778
13412.846,-32889.840
-23861.678,-109604.29
-33970.162,-115890.70
-7490.9403,-82190.705
-22589.975,-25567.200
-101609.02,-156726.72
3878.5871,-24976.511
-22640.844,-72363.000
-68329.449,-73298.923
1716.6504,2507.9551
-177601.50,-205243.95
-85991.770,-127816.51
73539.086,49267.136
-44428.635,-124976.18
-15969.909,-72479.801
-73326.385,-95637.113
-88069.616,-125955.19
14927.899,-67697.772
-46112.163,-124333.94
32875.926,-77905.919
-108643.93,-161915.75
91030.058,63351.670
-51444.333,-66756.078
-37286.690,-82233.413
28754.973,1266.4767
-3319.4737,-12612.227
-46536.877,-98290.979
-65328.340,-69869.419
45026.661,13109.132
-37018.452,-74938.247
-130003.53,-157829.58
-45160.437,-70265.367
25853.930,-49166.557
32860.520,25926.376
-8245.0013,-51751.253
57617.365,61226.275
-15276.151,-52015.606
-28540.491,-120532.96
-14925.326,-38294.074
45616.441,-28039.419
-113546.59,-117886.25
31528.006,-22600.021
50297.523,11039.944
-59698.453,-144186.58
41077.303,14589.485
-6532.7059,-54348.620
-116167.50,-173794.12
-20327.154,-134432.07
24878.535,-59683.895
5257.2447,-79023.946
-38859.422,-55708.191
16500.300,-12680.792
-8057.6843,-79300.308
-51754.283,-142778.17
-57177.703,-118655.30
-48390.913,-113032.73
-5699.6961,-12852.727
89273.294,96465.981
9026.4696,1962.1392
-51897.611,-110699.76
-8439.2229,-18094.764
-14750.240,-26996.084
8360.4018,-20145.036
84912.736,101517.04
52033.349,-2261.1660
33709.459,-25085.688
-4612.5894,-33116.027
65483.280,80936.116
-33741.998,-43519.943
67298.244,37714.125
-13440.565,-90430.748
-9516.5393,-93097.486
28942.616,-33876.894
16590.616,-30888.641
-43528.218,-106986.27
110.21560,-63887.153
2849.2319,-27375.584
46237.861,-5221.9989
40729.406,-7753.7238
-120315.53,-210692.49
12190.205,-20894.983
14858.051,-14977.113
1990.3920,-38340.719
-58761.592,-138930.52
60360.402,1121.2078
32252.544,28549.751
-81246.071,-116289.72
-64040.272,-172253.94
-69684.292,-173840.14
-30346.833,-95412.182
-96082.606,-215219.51
-7017.6473,24549.295
-44776.502,-119466.27
13258.752,-56180.712
39212.069,70421.841
-31342.971,-106682.37
-100685.54,-167687.37
60660.819,40009.100
-24189.549,-34861.900
100322.06,27276.780
54393.455,37861.525
-11163.953,-69036.933
57992.623,-21934.166
11203.531,-57868.482
29145.407,7673.1775
8355.6393,-29676.820
31282.773,-43775.028
29111.468,-41544.441
-33387.605,-103075.05
-57593.612,-90441.569
29422.614,-2612.9706
-52746.470,-116814.98
21655.294,-16796.623
55502.011,-33982.979
-32057.862,-68572.204
26958.813,-20045.608
71432.082,-12967.944
-1838.5758,-91807.097
32798.312,64590.811
-28318.813,-67825.575
-32225.132,-95853.990
12497.391,50794.366
-34684.111,-85618.239
-84804.733,-168851.50
57697.915,28281.229
-64540.819,-52728.820
83497.198,102500.21
-47506.953,-89945.610
13685.032,-23491.489
58438.985,7790.3887
810.92671,-3350.0119
-45207.104,-23798.458
30328.010,-38248.181
25122.505,24750.357
-47844.124,-135380.19
2918.6915,-81433.802
1393.4005,-18828.964
-86547.833,-100380.21
-11942.263,-49139.099
-44774.636,-64635.031
-61370.567,-109794.79
51502.383,-5664.6580
24392.583,13479.686
-66362.711,-129427.81
20545.957,-24064.660
33584.700,59445.875
136018.51,108215.43
73315.975,33564.989
-8496.8410,-36552.700
-53824.604,-138751.46
-126576.52,-207375.62
20572.802,11618.125
-23133.160,-95579.173
-72445.540,-158681.80
-26965.797,-102662.54
29865.229,-16433.903
-98881.600,-160227.19
-19545.246,-3995.7698
4559.1729,-107529.26
-38949.383,-89111.916
102539.17,42326.630
-6563.9761,-36591.346
4580.7743,-70275.169
4810.7768,-7910.4842
20895.587,-44065.832
33164.079,-43923.120
-29704.973,-70913.904
-103964.95,-141786.64
-39083.923,-113434.23
13572.577,-48484.301
-33679.532,-52903.219
-5167.4537,29492.597
70868.478,55295.616
-97161.302,-173053.78
-7740.3091,-121350.53
58928.572,29416.384
-3626.4671,-67917.536
26630.043,-8094.6980
-1879.6005,-33021.241
3761.5992,-60425.665
99178.845,38660.874
-56915.264,-115087.20
-79586.030,-188583.64
28663.131,-65623.079
62277.530,26144.777
-2961.9882,13919.623
58931.759,42453.671
20292.445,-27050.252
-89440.185,-119430.03
-42239.700,-9562.2775
-48796.072,-100759.63
-157098.40,-152424.27
-29407.551,-107804.05
-10969.970,-2838.6163
47334.608,76450.032
9731.0727,7945.6240
34284.346,-41200.378
-63189.214,-138680.86
-52627.567,-73998.095
-62350.684,-167061.98
44567.792,-17495.443
-69987.570,-117765.43
-34879.400,-8714.3852
-47261.313,-30926.306
-1254.6907,-73202.497
17247.327,-87847.726
-37467.474,-90825.520
17425.022,-34681.327
4084.2931,-40254.944
90248.579,90783.320
9058.8974,-93283.159
71686.575,-12422.650
52670.041,5558.4037
-46655.461,-136519.99
42970.971,-24810.254
122712.53,133098.96
48042.133,11452.610
11320.724,-67114.008
13944.993,-71845.216
-26185.981,-51755.419
-115572.23,-151873.04
10466.847,-39339.640
-60610.741,-83037.432
-28705.338,-164829.92
-40494.028,-56687.909
88899.180,34420.257
-13889.332,-32176.654
32272.222,-66375.666
57906.948,57982.839
15074.571,-90284.044
-15750.788,-91134.619
-77575.181,-159004.52
15355.925,-50079.800
5315.9302,-123275.74
102892.45,95723.736
-95340.470,-146995.74
-34972.960,-67085.820
-25653.449,-93164.908
-15578.892,-23088.561
-51838.485,-81865.202
-112374.33,-202074.18
39515.330,40645.326
-25615.725,-97133.801
-74010.077,-72618.490
-57644.035,-91697.398
-17759.140,-84739.241
-36484.319,-48252.641
-48415.712,-60462.361
25859.338,-40904.304
-37177.209,-40338.954
-36079.741,-79739.456
-17595.239,-60526.753
-43175.594,-132673.53
-54653.889,-132248.26
-52132.013,-128510.08
-79765.008,-156397.32
-6272.0908,-84685.860
-28969.527,-116808.32
-48081.342,-180335.94
-88775.425,-182459.84
53069.116,29946.874
-362.88525,-87716.135
-84170.302,-137926.51
-16867.536,-44102.233
61249.373,-14141.157
78728.573,36180.079
5792.9688,-74879.958
3624.7823,-30388.321
-8926.7365,-30959.865
-2908.2987,-27117.155
-89358.689,-71523.195
6370.5671,6854.4301
30814.155,33858.189
-61866.155,-91237.287
112336.41,60822.029
-6469.2860,-6540.5211
-56485.094,-167488.85
-11298.156,-70637.319
19654.530,-28667.253
-20859.146,-53392.264
6971.3161,29218.533
-101095.51,-105659.09
-98831.535,-180431.32
-65612.055,-137818.31
33926.403,-5660.0129
2414.3688,-54274.626
-14099.250,-77188.890
22044.609,-33277.380
49892.313,91645.578
-27798.227,-43579.370
-27486.299,-32750.673
3948.8128,-41079.585
-130207.60,-196031.25
11029.686,-8912.7445
-44104.791,-183207.18
-62817.864,-117516.92
-1676.9811,-80562.370
67293.869,41787.110
-20640.127,-47837.863
-4129.7280,-109442.28
-31564.957,-99057.582
36095.435,26742.263
-58766.032,-118001.36
12988.079,-83824.035
56577.859,49606.462
21316.792,-9424.5136
-64643.302,-158565.86
55703.623,23183.092
80873.575,50598.624
-27835.016,-40334.853
-40401.016,-105983.05
-63694.355,-115591.14
-4749.0449,-54419.202
4586.1094,-13993.239
-18190.184,-23613.222
-18389.383,-76521.123
-24806.279,-30165.254
39357.220,28693.640
16237.836,-4793.5358
61511.275,-8575.2122
-36101.544,-161982.26
-36278.903,-121916.06
-47391.905,-90848.486
6780.6222,-37101.657
-72445.495,-62867.182
-17132.293,-28886.672
39015.291,36056.728
-40210.751,-68982.981
-122412.80,-225135.60
19727.576,-6877.0556
16114.072,-97615.073
-26707.574,-112110.11
-9298.5947,-5333.1077
-23897.557,-103792.78
18475.822,-53013.898
99154.817,43513.617
-40231.832,-113587.31
-32082.126,-96129.643
38188.628,17909.752
17595.493,-28670.045
3189.0093,33722.499
8126.0837,1575.3832
17494.435,-66425.783
20829.218,-5529.3280
-36891.036,-67258.949
13573.149,-3276.2452
-45212.580,-97359.342
-82292.192,-158075.32
-70980.109,-121374.52
97114.016,44016.908
-48629.316,-114338.79
-46713.808,-119715.71
74381.102,43871.939
-87985.119,-140526.72
-60880.126,-88744.635
-87279.992,-120559.77
-34162.483,-147371.37
-65847.863,-183003.32
-89366.394,-171533.19
46523.544,-13850.093
25461.358,-4111.2104
10234.055,-66197.686
51124.302,-403.65181
-50558.150,-125729.45
40459.512,-467.76458
-37479.394,-120546.81
11413.028,-28964.650
-9596.2785,13148.432
-82870.947,-221924.55
-102767.45,-173532.54
26829.124,-330.44355
-33970.859,-94840.842
6598.3672,-42884.643
-2024.2684,-61949.570
-4268.9803,-128706.62
34036.876,16061.766
1208.4918,-114846.64
-11751.007,-44550.005
-38692.431,-127397.59
-4580.1086,-40386.535
-74667.460,-163440.60
18083.746,-68801.776
-8642.3983,-20606.838
-74866.726,-109451.92
-2317.0330,-80301.589
11807.199,-98.756882
-43098.906,-159323.36
-70970.255,-83632.136
29974.080,14548.001
99746.022,67745.570
24205.270,-40681.166
-113650.89,-211064.14
-28265.552,-60392.138
49715.078,-37109.269
21551.027,-27185.592
-5547.1502,-48077.341
4443.9477,-86077.720
-97411.175,-150846.22
8911.5577,-40483.897
-29506.076,-109630.63
-30092.428,-9540.5831
1261.7594,-55939.224
3523.6085,-36566.211
42738.016,43566.995
-88474.214,-160362.32
-18455.893,-17557.657
4304.5692,-11415.446
14404.387,11359.391
-47068.681,-87260.493
22008.977,-63176.722
-39895.336,-82222.959
22523.349,-41147.946
-82111.328,-117044.53
-18069.638,-74191.178
64565.279,72666.423
24075.963,-21492.204
-75753.851,-155745.01
-38229.588,-133881.09
74878.119,70928.838
-31909.739,-115628.82
28286.428,13453.182
-16451.732,-53783.231
-27343.517,-115408.35
-35979.430,-134973.87
-21779.415,-70144.031
2447.8597,-66419.174
19549.016,-77363.177
-17004.195,-54897.936
-65275.492,-77552.322
44838.106,-76451.983
-13890.133,29807.436
-117080.66,-208349.82
-35043.419,-89219.876
-19865.234,-36536.238
28480.585,21240.415
13761.715,-46582.300
22203.711,-38107.784
-20688.545,-139029.96
32588.497,6342.4192
-21332.154,-35006.435
73930.350,101599.04
19459.943,-46006.521
-70954.646,-84895.896
-130374.87,-178293.43
-66498.864,-159012.18
-22393.603,-70327.008
-28430.425,-39896.076
-48975.330,-109219.13
37313.681,43980.244
-23408.962,-38500.189
-63841.227,-196669.62
-47738.909,-103502.50
-22207.108,-80948.450
-57713.433,-114650.58
-62692.690,-72606.182
18410.698,26886.868
64024.135,32175.373
72210.704,42991.510
20183.575,-28508.664
6705.5188,-102451.30
-100484.48,-192305.61
-12937.448,-116050.41
49438.761,93357.240
-77616.491,-191428.14
30533.038,-61736.681
-82262.138,-135507.42
-71243.230,-123382.78
-26864.934,-55618.954
-79304.570,-112713.85
-77051.597,-87269.830
-27897.888,-134980.49
2806.2241,-39219.777
7860.4619,-21067.756
25880.901,46654.824
8530.1098,33308.719
-78588.934,-89676.421
7743.6279,-5984.3388
-39571.464,-120505.99
92638.385,29088.677
29349.641,-10671.083
-8887.4976,-65947.845
45149.749,18448.177
-124648.08,-262140.43
-52289.897,-114258.92
70614.960,67422.271
5955.0554,-29950.931
-55375.885,-93241.400
-35580.678,-40922.374
104252.59,155956.48
44265.320,14993.350
-10554.834,-46278.168
-21103.178,-121651.15
32892.788,34128.784
-16739.748,-36993.204
-16657.374,-14162.149
-29406.477,-40076.353
-11562.956,-61527.852
-5653.3090,-90813.804
-54226.865,-130994.83
-108420.75,-209342.59
19886.118,57774.179
-101918.72,-160791.19
4738.0992,-7818.6786
68721.089,-2217.4263
23284.367,-19571.463
-13959.636,-85656.400
-23071.972,-156362.85
-46275.542,-65569.325
-95459.105,-158436.01
-54349.346,-106878.97
11546.621,10491.753
-58145.409,-103767.48
97679.782,29152.693
63261.000,36146.634
-5638.7592,-83448.009
6834.9450,-22194.393
679.53594,-17163.906
-68850.954,-114318.67
12515.830,-49364.661
29753.819,-9129.7434
55070.497,-59037.044
27733.086,-12477.039
-5805.6130,-72559.030
42207.192,47684.308
91841.322,60960.075
7754.6701,-50669.879
57222.850,-31363.007
23853.188,-8975.4432
-67894.048,-121321.04
141696.23,130240.78
16213.556,-21028.205
22944.933,-14596.902
-42602.318,-25196.432
-6951.7962,21924.326
-77745.927,-122869.93
93649.193,112214.36
-48390.305,-133626.50
-34709.734,-88353.415
-54388.289,-48504.987
-142217.01,-194763.44
-3084.0523,-101108.15
35008.321,24708.180
29821.572,-22888.050
-42107.053,-129709.23
46232.899,46346.604
56139.620,-2795.9174
-3836.2218,-5670.5412
3511.6246,30178.240
-11537.034,-39916.727
23374.225,-62925.508
42839.430,14369.721
-71227.085,-143383.07
36639.854,-31973.964
8690.1489,-11011.268
-59966.753,-105980.88
32384.090,-38257.312
-84570.870,-117200.81
-56496.799,-110064.48
-13999.576,-51317.958
-115274.32,-188581.39
-52449.439,-123234.98
-35666.860,-49716.337
-11873.059,-34083.518
62478.820,79545.061
-41044.050,-61376.514
43319.906,-4159.5587
21264.993,-44462.484
-120549.61,-235720.89
39378.137,-39372.799
-87192.620,-120186.94
-18795.124,-156957.29
-59037.533,-72713.072
-60236.690,-89350.060
29810.186,-17544.410
538.85044,-67636.875
-20288.260,-124061.89
-2069.5247,-77555.183
-53554.625,-116639.65
18207.179,-36277.616
15890.043,-9928.5655
5589.0694,28045.211
-1630.6597,-48607.598
17464.245,10740.302
30319.662,-25077.331
61021.167,67497.169
-63921.543,-70214.021
-31398.430,-102932.47
-64060.461,-42370.059
-2673.6196,-65843.879
59915.142,-8042.2415
15128.261,-43756.728
60706.741,-3137.7347
30495.523,-16623.375
-124621.79,-177747.48
-60034.209,-96406.226
-4130.6277,-97288.137
13193.937,8799.6728
23368.647,8383.6048
-31134.994,-148736.63
28831.865,-27782.887
-22899.633,-81506.028
32157.435,26641.786
13962.175,26456.425
121192.07,107961.00
-40323.271,-18429.631
44539.008,-73147.485
34507.103,15440.537
-3549.9701,-9215.3540
-28670.209,-58123.754
25036.993,-52248.649
92274.388,29768.753
-41959.648,-154952.76
-37907.566,-88193.017
-3643.2840,-58637.082
-65659.528,-110597.18
-32490.123,-96848.674
-38733.587,-139988.61
-21692.332,-37754.182
-37882.734,-99027.132
27857.799,-59384.860
-30941.018,-85668.921
-15040.159,-19971.095
35983.017,13545.500
-52415.092,-84984.908
21256.505,-48958.217
-63835.589,-105220.24
-126847.43,-208877.56
13895.590,12617.396
48659.973,21224.719
19940.699,-55398.609
-12938.140,-43550.343
-11656.614,-126432.00
-26534.185,-96730.583
-3516.4674,-39334.752
32483.663,-32327.729
30103.893,-75073.828
-96000.086,-168225.30
-312.03526,3869.1045
-37769.594,-128620.94
46280.303,-35738.019
-44302.694,-80673.067
-55363.137,-92434.486
-62299.089,-163825.07
18504.833,42121.524
21673.252,-56199.418
74774.263,23006.604
-83801.537,-174262.98
45065.606,-29151.051
-13250.657,-22428.253
36867.551,64286.215
17839.228,-31693.699
-63845.501,-86031.220
-31392.639,-102104.07
-47820.708,-155602.40
-44721.191,-62147.431
59804.738,40233.614
20610.278,-111622.74
-58191.876,-118806.32
-30474.446,-100665.73
-6009.4862,-25536.421
-28469.139,-96641.310
40579.513,-45659.135
36954.142,-19324.250
45336.571,26656.354
-14015.355,-38353.400
-6983.1909,-19590.042
92493.830,116804.36
-58457.429,-124909.50
-39572.979,-108411.01
-63622.361,-163294.89
33579.632,-10212.939
-66974.150,-61108.902
-34577.240,-113473.21
-84686.705,-121873.28
-1723.4792,-43612.112
-135201.57,-194178.24
-38714.862,-58486.399
-37561.893,-79503.346
9972.8567,-46027.954
58663.525,37701.541
-57675.438,-98282.046
31506.654,-6041.9581
15296.695,4172.9531
25660.412,-13479.517
9268.8951,-18348.485
-26069.529,-21388.369
67244.373,33463.126
-64808.419,-106855.03
-56641.969,-59066.574
-68053.739,-66478.648
-35645.561,-85035.197
64990.549,-5086.6426
1652.7811,-2819.5943
-55906.528,-56485.236
-67729.617,-112283.98
-50807.659,-138543.86
-4764.3313,-96648.172
37908.458,-13049.534
56270.470,44938.115
-18696.740,-15848.397
24438.595,-46211.281
-54213.163,-92256.719
-13899.795,-79822.863
-40941.685,-63852.526
-19300.972,-68876.667
-12706.706,-97784.680
-83153.177,-150946.27
-41138.846,-69346.980
40675.687,60401.112
29751.604,101220.80
-111400.94,-220265.52
82443.847,46304.091
45735.934,49078.877
-40953.099,-89043.102
-45483.270,-103686.22
-55647.045,-92727.141
57536.171,41627.177
-10521.072,-71570.781
54978.512,54213.182
-21570.908,-69767.688
25640.750,34656.909
16900.539,-33005.993
909.87852,-39482.068
-17590.281,-66530.248
-26370.671,-14893.388
-4635.5483,-72947.960
-56801.064,-77461.930
46185.292,-5365.0116
80788.093,-44603.392
70299.164,102684.74
37409.238,-18928.788
36201.506,-56294.829
-14388.232,-7507.5240
-39958.191,-66515.262
-92272.139,-180577.11
161568.25,146355.14
-59254.247,-198114.84
-64489.864,-145980.95
57235.556,33164.949
55796.730,-26522.740
45866.866,24513.339
16056.706,-95201.309
21147.640,-39339.168
101912.74,96886.232
-43620.014,-167894.47
2468.5059,-40742.665
-13351.050,-67272.183
101828.87,-12620.447
-68188.689,-52908.295
59864.174,68585.786
-70608.093,-134952.20
-43143.352,-92317.001
-100218.09,-160185.63
-38816.538,-115121.07
-2237.8737,-62957.664
-29336.323,-65830.556
-82918.510,-127064.66
35922.798,-38295.107
-96204.079,-146934.47
-53052.491,-66466.232
-34845.044,-123333.82
-58009.008,-88176.104
-24459.006,-148234.78
-50967.184,-74074.791
16287.001,791.51202
-24011.587,-109697.46
-13914.299,-52380.066
-23001.913,-80195.413
-134547.42,-253252.14
6427.1659,-50936.899
-58368.275,-101276.26
-97866.480,-192226.72
13795.790,-36857.360
28042.095,-26154.567
-75951.815,-165290.31
-98332.276,-161342.33
-7235.3574,-51006.008
-9431.8223,-123581.96
-63012.993,-130147.42
-32468.473,-130068.98
-53966.971,-90553.767
6905.5513,-27055.630
-59135.756,-113702.49
18041.988,12077.724
-78211.199,-173188.09
-88656.945,-119177.49
-39381.227,-112305.01
15423.050,-42442.218
2845.2374,-4825.4548
-106000.11,-150142.50
-21256.901,-53588.323
-113254.71,-153419.92
-44552.679,-141024.15
-53679.470,-47330.999
19723.999,-40381.185
4842.8429,-25515.960
-95538.923,-158452.03
8280.9617,-50988.521
-47373.647,-81496.618
18003.157,-47821.340
-8294.1617,-84476.397
-39846.808,-127079.40
21526.552,1196.9729
26676.433,-67910.984
49796.796,-11088.450
-10032.181,-71860.970
-68562.888,-98305.684
-89354.263,-153872.27
35520.900,-32970.992
-12991.043,-11566.012
-48088.127,-104692.94
-61285.881,-124355.36
-133098.02,-247040.12
19301.826,-6786.9366
120840.36,118409.85
-56903.281,-142195.64
-88420.505,-120830.47
45093.356,21083.979
31553.371,-45493.220
60243.063,80897.458
45872.779,-23584.083
22995.485,-41517.866
23555.669,-29916.214
5045.0842,-24415.705
-46633.574,-146234.06
3918.6444,-73034.478
-3670.4890,-43297.714
1654.6081,-38662.429
-38379.786,-118968.02
-32699.894,-89665.898
-87220.481,-137992.02
-25425.637,-50584.830
-119333.29,-161038.98
-85926.633,-124711.96
5683.1633,-39764.764
24903.324,-18125.583
22941.707,22350.816
-27522.230,-96718.491
2561.6836,43160.122
60931.506,-13091.507
41694.488,20913.190
-54900.382,-45619.040
-104391.33,-213111.96
-16132.317,-50941.379
27782.975,-25647.627
12854.358,-22219.116
13394.933,-1726.3266
41146.116,-53476.617
-1841.2609,-66101.266
-40967.780,-170570.81
-36692.583,-54390.400
-53260.436,-146297.33
55320.180,7908.3495
-19730.470,-99896.323
-12337.236,-37280.980
-63113.724,-52870.407
-108203.44,-160266.26
-79271.815,-126968.84
14093.402,-15839.125
-40910.270,-83584.448
35065.118,-35892.323
4101.4741,-19336.033
-41485.819,-61334.966
-28286.257,-50535.099
-2845.8816,-448.31929
-45499.440,-129099.59
-110782.51,-203792.93
-66632.883,-136634.03
-20098.240,-67336.907
-46973.328,-104903.91
-30687.866,-73123.243
-7325.7556,-82097.476
6308.1889,-38666.355
-44534.674,-89094.238
92562.165,81471.528
39955.605,-42919.375
-7643.2510,-38653.843
-27552.976,-22818.576
-9222.1554,-94875.818
-16501.753,-71951.740
-15777.620,-107233.06
-58768.223,-98836.364
29699.171,-30015.916
14870.894,-45260.277
-28607.304,-66941.428
5209.3552,-60353.957
16636.109,-37887.596
27062.078,-62049.568
-32521.790,-121870.73
-36983.047,-86313.654
-66822.135,-136603.94
-12998.059,25159.298
-41492.674,-112352.78
6104.6203,-31077.850
-49755.671,-149822.17
-54752.906,-143131.18
52168.635,68125.778
27797.584,3232.4380
17649.565,-52383.669
29712.704,-33440.169
-57718.734,-97288.718
-41052.068,-77591.681
-17525.214,-149137.56
10190.975,-4168.3006
29598.042,5625.8550
37317.660,-48309.608
6958.1080,-3593.2153
-51611.607,-129572.18
22523.807,-2455.0091
283.62356,-5759.1008
35130.536,-9040.4136
52693.812,33897.926
-36514.213,-36520.817
28082.610,7426.5874
-33329.743,-58211.764
3553.2650,-66913.556
-57766.602,-124089.95
16331.287,-18579.143
1922.6696,-108874.22
4027.7503,-78191.102
-126786.18,-179115.85
-207974.75,-324397.93
9355.5202,-63189.923
64263.331,-21013.876
5684.1767,-74218.351
-46310.070,-93593.428
-5358.8870,-91042.546
60554.517,39324.307
-98932.551,-192902.05
-16033.991,-48363.586
-62611.823,-149529.50
-65403.743,-110162.51
-90588.472,-188734.50
38970.086,-49439.610
-841.09488,-98203.631
79347.410,73220.333
-52279.527,-85763.619
-15504.476,-120852.04
17042.242,-46332.092
-74870.610,-80099.541
63139.665,107694.61
-6232.8031,-77237.283
13926.559,-68338.743
-3868.5271,-55949.509
40577.626,19050.900
-38805.980,-71462.541
-45522.626,-46933.157
10914.250,-7428.1568
-116347.77,-255006.56
-111759.80,-130943.89
39275.757,-8743.8976
-50636.047,-109578.36
-11112.642,-69332.296
39399.723,-23492.420
486.86506,-39048.958
5931.6370,-3915.1492
-24911.934,-66329.824
-2699.2409,-41851.459
22392.698,-97340.923
-26119.069,-84997.387
-28945.255,-59567.676
-46361.902,-50685.630
-46894.523,-78399.388
-56153.834,-117535.54
-35590.941,-165767.38
2304.9449,-37478.429
-54034.769,-70581.366
27380.133,-45738.655
38104.685,-25738.937
51448.306,-8039.3621
13038.515,-10430.937
-64390.303,-135113.38
71559.386,54900.445
66627.797,7065.4703
-56465.741,-78361.158
-90729.573,-140210.64
-24796.418,-50439.676
-42540.737,-169354.18
-1160.7509,-33708.356
-21885.689,-151230.75
-79054.913,-119661.59
-71856.278,-87360.507
-4830.4733,-98487.366
-15937.236,-80560.439
65978.974,54612.531
94949.648,75331.790
-37882.196,-124235.33
-102947.05,-168286.53
-65415.802,-94189.324
28551.431,4767.0726
-77462.775,-87299.855
-45792.550,-104567.19
-133232.86,-217780.47
-18486.607,-73974.230
-124317.36,-189672.80
-32489.899,-71899.890
7837.7782,-48189.766
34423.719,65221.790
-81297.686,-159990.66
270.37573,-132904.19
44927.622,-22744.387
-40049.275,-105789.70
-20126.177,-86963.834
-133479.03,-225850.08
60868.353,1643.7086
-21051.290,-100852.32
-22357.029,-80399.189
-105565.90,-177358.17
-34409.372,-68172.919
30541.029,60013.396
63156.224,12695.246
39253.771,47161.775
-14933.486,-89382.581
-84169.625,-131555.03
-47.025904,-16645.279
-54125.015,-110015.92
38286.635,-11767.435
-36852.847,-117935.56
-82759.030,-95788.855
26162.792,19156.848
-39007.001,-72258.172
-44519.808,-149394.63
7611.9447,-79410.170
43956.887,-16667.195
10347.509,-51816.862
-11227.865,-31281.011
62763.602,1248.4242
12079.669,-66831.273
-24961.560,-87257.451
-59251.084,-102347.80
41449.221,57637.963
-69838.587,-151888.84
66938.606,-15491.646
4279.5737,-118876.52
-41638.501,-72974.285
5031.4298,-74917.830
-13405.681,-85734.769
6659.8293,38689.037
-47838.672,-98803.872
72757.299,43597.454
-17673.030,-67060.425
35184.665,35656.398
-76794.396,-140069.57
39973.717,69550.244
-49482.144,-77051.508
33893.093,-107381.39
-68920.203,-70630.339
-5127.8695,-64878.820
-31360.131,-57700.542
-77950.887,-164555.70
4446.6686,-13207.414
-3861.3420,-52333.270
-60.027682,-38045.055
5090.5837,-39775.101
59739.073,24501.588
32558.129,-79325.767
-124229.57,-169121.30
-372.87630,-91970.950
-14689.713,-53101.506
-68382.660,-148326.51
813.83708,-29558.332
-26225.710,-124827.45
38647.148,-18060.283
51930.715,54373.919
-28283.650,-113629.34
-31620.273,-87398.876
-41740.350,-68609.425
-66995.703,-113324.43
4318.3983,-39601.624
-65353.415,-97171.353
-49099.561,-129972.43
-51900.036,-76410.357
-11615.150,-15999.609
-104169.70,-101130.65
-104501.12,-145217.85
31988.221,14395.477
-102307.60,-162332.24
-1288.9245,-39601.561
6931.6386,-4786.2810
-3644.0744,-98207.537
-11246.321,-49877.748
60637.149,50564.493
-8.4905487,-54256.772
94422.538,96418.624
-11193.930,-38982.273
-64942.128,-145223.31
-19564.409,-7643.8476
36835.256,-11139.412
-24418.929,-93119.803
-39530.725,-103957.19
8047.3460,-63344.763
-20936.898,-72929.342
-36935.820,-31567.558
58922.255,13272.461
29723.398,-21847.926
-66408.618,-115210.05
8335.7239,-3361.1220
45392.687,17999.640
-39150.348,-76541.412
7715.6323,-17070.868
-31962.617,-107356.18
-33257.751,-88917.856
16306.787,-29278.098
8379.2431,-51346.291
-26135.129,-114423.93
-2715.4226,-71571.931
-85302.063,-147685.30
43534.773,8423.0637
-29216.235,-133016.35
-41942.601,-75610.752
-13691.276,-73995.292
-43045.091,-42599.261
-109498.77,-192089.12
2143.5937,-23417.215
-41906.582,-113702.06
-12633.027,8238.4215
-39461.171,-41573.718
-9641.3578,-76671.708
52951.114,30799.615
-31919.707,-130204.02
-18129.514,-53883.986
-62465.254,-157868.56
-86271.371,-65392.636
17163.612,-73626.114
-72336.419,-108303.43
-95222.507,-146583.83
-39053.049,-88252.657
-59351.350,-76076.383
65187.174,13036.896
-29637.699,-66698.845
-16767.035,-4797.1118
-12663.405,-75189.691
-25226.664,-6934.5352
-10660.355,-53196.408
-62385.445,-136459.08
-42261.222,-120900.83
-50082.995,-65884.133
-78644.786,-146588.37
31872.239,2616.2351
111309.18,96532.621
-40222.974,-61536.274
49607.440,23862.866
96352.474,42497.338
-19846.346,-96488.998
55665.506,41190.811
7557.9168,-73705.349
-414.68929,6890.6828
57348.830,45733.392
-15937.274,-59343.956
53868.882,-8569.2863
-47147.399,-72026.695
-82007.262,-183137.82
5657.6222,91569.160
8263.2515,-8763.8835
-60701.433,-136027.27
-31177.083,-57461.889
26117.081,76746.852
-31905.412,-125496.50
14146.276,-78019.720
-63111.346,-146918.55
-45990.525,-88550.953
-50942.972,-127829.16
-94959.711,-100353.06
-53419.815,-112645.79
28219.179,-59435.745
-55745.605,-113255.10
-92597.561,-136878.99
-18388.024,-66589.613
-120504.90,-199759.62
-9944.5973,-29628.066
-16596.105,-89880.887
-9266.4390,-51007.963
-70635.849,-172435.86
-103009.21,-113919.65
3628.4601,-22123.760
22827.772,-20474.573
-26547.755,-119648.00
34217.729,-27909.948
4596.9594,-81583.580
-58219.221,-150080.29
-72239.656,-105373.91
-123492.50,-198132.02
33456.003,-27062.750
-35784.567,-82688.223
-38488.009,-117093.59
-9233.1121,-22013.097
-23347.210,-66535.008
-28543.347,-109502.02
-82638.170,-99252.961
3542.1951,11408.944
-7914.5030,-72708.233
84904.517,96427.800
-105956.97,-131373.70
-42911.485,-86473.782
-44158.112,-126868.78
-65364.272,-71915.842
-73335.421,-144790.04
-54731.860,-75760.589
-81534.161,-156672.07
16509.510,16782.871
15087.403,-74027.316
-29602.849,-47599.180
78049.059,60042.189
-80436.112,-109861.08
-12590.704,-88209.623
-69282.653,-61606.140
8779.9711,-56013.919
-39418.593,-25337.445
37237.030,65797.103
9643.4623,-12641.869
3299.9611,-11778.551
-100211.87,-172305.40
-5152.9423,-49028.232
-53841.186,-117871.65
-50767.130,-91313.746
-29327.503,-100132.87
-44670.775,-149330.86
33518.958,-41218.911
-60735.671,-84532.401
19670.080,16696.472
50940.409,36043.366
-28713.932,-42551.923
12551.197,-5954.4682
33975.810,-39095.763
27707.856,43818.706
-32947.803,-115773.10
-85975.344,-164933.00
-69323.170,-124778.06
22073.959,-49794.082
-49492.671,-122647.74
91686.851,67193.289
3037.2989,-25875.081
23403.449,-9343.1912
-85746.699,-205365.03
4157.4922,-28101.401
-82837.572,-68772.720
-58089.979,-132163.90
-13169.461,-71329.468
-32438.667,-66276.153
-4244.6452,21296.835
-129537.17,-218230.38
66979.050,12026.704
146080.15,85125.487
-9477.6726,-19685.924
-70323.495,-107992.52
41081.260,-21840.992
-5982.6690,-88339.466
36665.764,-23020.387
-46597.043,-135317.99
-14371.501,-47381.522
86456.335,24093.723
11786.859,-31776.783
-36564.573,-127413.25
92059.050,19484.099
37637.937,16964.669
-66877.584,-74449.596
-40225.564,-160830.82
16871.151,-25174.223
-60523.741,-184615.91
-17618.138,-106999.53
34309.399,-120.82554
-46055.085,-115711.93
-38005.376,-92542.438
42951.554,-65280.370
-35760.260,-25266.478
-32225.034,-95799.418
7413.4220,13418.497
-16282.853,-99488.523
72182.401,-3589.8707
-51396.706,-56983.163
-59359.058,-171183.11
-16809.166,-58889.067
16188.766,-73269.662
-42553.640,-94936.704
-14929.256,-51395.693
33886.967,-40784.952
42019.629,-14814.841
-54774.927,-215028.50
106356.27,116437.91
-75500.994,-168549.11
11499.342,16758.260
111941.49,148303.78
-18774.622,-103848.72
-76338.833,-144327.36
-74633.876,-82547.834
11370.703,-41438.793
77084.933,61861.406
106576.82,111183.49
-49286.549,-143423.47
6174.1984,-24166.979
-47223.280,-105270.32
-12410.991,1224.3532
-34.613009,1230.8606
-38257.466,-123361.04
9607.2860,-52341.431
-80062.658,-129372.79
-68437.575,-135745.84
-40841.227,-131208.92
-14446.985,-47489.206
23815.123,40829.316
-58257.369,-142169.89
-77.069394,-101044.76
-23105.566,-81642.961
-3598.2804,104.15698
-18049.615,-98691.013
34141.642,20989.390
-9394.6110,-96976.561
27203.530,-27038.253
19211.881,-96453.656
-97108.900,-166878.66
-83471.949,-60459.816
59550.215,30746.124
86989.819,82228.560
-24017.076,-148079.54
27633.593,-19750.704
8120.9538,-66581.211
-64425.066,-102551.43
66141.291,73360.407
27674.604,-14417.006
329.41950,1582.6245
-96423.987,-164890.40
-86433.945,-164103.54
74972.843,66488.054
112833.32,84634.558
53506.897,3845.0642
-68798.427,-111263.65
-27538.869,-89445.599
-11256.396,-17473.998
-3750.8342,-96390.806
16535.225,-39068.605
-44884.471,-62752.317
-47584.607,-120396.34
54048.961,31629.031
-2711.2214,-72553.096
26589.384,35742.896
-33241.061,-62371.967
2954.4176,-26051.458
-39526.804,-42215.940
-100150.23,-153992.19
62223.359,-6679.0658
-53888.118,-156503.17
-19259.030,-85728.956
20444.617,-9657.9989
-33014.984,-84179.576
-18041.086,-93207.062
1742.5367,-26277.407
-35158.969,-162898.19
-62365.360,-158698.44
-27097.041,-63267.270
-117528.53,-172764.25
-15640.042,-87886.930
-68970.122,-113122.68
66091.597,10939.581
-31910.870,-45116.476
-105054.21,-178560.69
73620.963,99409.166
51599.440,5972.0506
-25417.641,-74362.799
-111464.84,-207374.00
-17438.530,-101869.46
-65370.696,-116097.61
20843.540,-26141.442
36710.304,-1394.6376
-35292.063,-65364.197
-44741.571,-176391.85
-67319.901,-154672.49
-27820.852,-144263.58
-12364.020,-41501.334
-85589.354,-107206.62
28240.483,46561.616
-46926.344,-133871.12
-34925.045,-62113.932
5662.3424,-39432.824
-25400.748,-94354.945
36637.987,-26362.344
-60311.991,-139110.80
-54262.882,-78889.124
17016.843,11918.913
80265.125,62458.635
-42738.450,-123990.49
20612.778,-118416.09
-45752.147,-86310.929
-62527.130,-146083.78
46522.475,-19314.437
25370.817,-23697.700
-85725.504,-89780.838
-46364.927,-70134.520
21303.230,-6568.2759
19971.135,-98563.822
53786.642,-1699.1601
13689.973,-54279.963
23619.883,-46380.616
-28492.678,-111589.11
69310.836,67543.363
-91646.104,-140799.90
44343.311,35750.953
8415.6976,18093.239
-31059.515,-144930.42
36568.000,-7995.7913
-61071.158,-150442.37
24563.995,11167.564
82597.164,82835.409
-8615.6333,-43543.520
-71571.625,-200329.26
6004.9594,75781.831
25078.409,-39929.403
-7660.8526,-27338.568
47015.672,9462.5449
115435.17,117791.96
-94091.449,-149130.67
23545.815,12990.743
-10912.681,26996.569
-46724.462,-29642.509
30511.994,6847.0362
-16409.464,-57144.214
27244.872,-20082.997
-30500.553,-36918.499
-47777.489,-70008.073
-81306.044,-107303.90
-9878.0808,-32954.408
-156318.22,-234781.44
-4113.7945,-24725.247
42657.834,47209.812
14853.813,-10453.413
-22153.636,-98550.391
34976.099,-14239.380
81741.984,93980.342
118863.84,122402.22
-67510.608,-125413.31
-26490.485,-95579.006
18841.957,-27472.577
24147.110,-38377.190
-36575.175,-90947.417
-23591.369,-30449.799
-54191.491,-69170.034
15630.839,-20522.409
-71961.873,-168657.45
-7827.3083,-95364.602
-8049.7663,-104448.47
76285.602,46993.247
-16723.321,-21096.315
29376.035,49530.341
-30240.353,-99692.952
50407.444,13353.923
-15320.947,14050.354
-51449.686,-85036.311
29877.040,-29615.695
-50624.751,-35442.035
-39791.392,-114856.58
-5530.1167,-17717.107
11000.637,-43956.973
-17679.719,-89162.671
33716.018,31207.501
-87529.118,-148378.37
7473.4420,2725.2972
-70082.162,-169375.62
-86601.532,-185168.84
30887.168,-73309.283
99597.617,107399.03
-66156.855,-166427.55
-63446.801,-195787.65
32148.808,-21044.134
46865.012,6291.5787
-866.25465,-34493.933
-64050.766,-125255.18
-4940.7801,-86337.619
-138674.85,-176446.73
18822.489,-32422.836
-45171.245,-61490.415
27142.372,-20266.849
45071.199,68782.286
-97374.987,-194978.25
-50969.222,-84730.423
35908.109,-23747.874
-71101.709,-92495.807
41114.816,-23748.929
33594.073,-31467.919
25443.173,-36798.258
-2500.7704,-29397.005
31417.624,119840.07
31101.450,38649.296
-14296.651,-5075.5104
61158.157,49609.143
323.82552,-50202.009
121399.47,89818.469
-78742.686,-220036.20
20261.554,-34119.204
4391.5986,7134.2911
-10554.419,-12473.650
13855.178,-34869.840
-41087.968,-86997.703
32855.857,-4691.9620
-45260.634,-69858.468
6234.3847,-29974.009
-36408.654,-139751.47
-61921.998,-162301.54
-26572.721,-61748.458
-39125.096,-83752.567
-69434.320,-121893.18
-9378.3876,-52374.093
-11412.715,-96850.959
-25792.139,-49373.151
-76506.855,-205271.13
44088.394,-51293.744
-49940.319,-134706.38
5409.7719,-83798.326
65864.339,121196.50
167705.43,135125.58
-26835.550,-91629.969
-60969.616,-103092.19
-48955.214,-95111.441
203.35903,-11362.272
-87952.187,-70718.081
-32117.773,-70952.551
-13740.572,-74210.295
24404.161,-25701.773
-28233.998,-78632.518
19846.671,20027.344
71043.616,34983.105
45242.041,3371.1781
-10521.859,-29732.040
-79862.199,-182108.09
-121225.05,-237158.82
-45242.455,-130193.49
-36990.001,-84638.944
53468.240,-9342.8268
57820.876,28850.955
-57084.210,-182410.98
59073.088,32519.240
-1991.9203,-72053.466
15264.996,-10507.558
16131.260,-29423.945
-37065.771,-79455.982
16422.641,-39396.474
-37966.893,-85791.636
-13294.517,-89657.079
-27903.559,-68088.561
92282.558,-871.79532
11252.756,-64544.442
77482.244,94338.971
-8067.5090,-7916.0223
-54094.703,-92086.665
-83558.754,-167963.17
-105150.18,-161691.17
23462.639,12896.782
-28597.962,-40865.987
-33777.864,-78501.010
40632.068,37865.730
-50459.975,-136958.83
-57793.716,-150052.37
-65048.682,-65849.565
26805.158,-80460.484
68541.603,116330.68
865.47064,-55288.397
22311.868,-69055.006
-52072.659,-144208.40
-13334.168,-71242.711
44969.460,45823.289
-14114.216,-18557.335
27003.233,-41963.330
35440.552,-37626.006
46749.702,38795.783
54532.915,65344.997
-21589.538,-68928.188
-33249.707,-103987.76
57730.404,43087.209
-18322.739,-3161.4336
14963.784,-89368.799
21031.532,-4238.5679
-3521.4714,-38268.668
77687.061,-4424.5894
-111675.14,-217195.51
-60514.245,-80683.046
76111.483,94855.654
-47669.915,-151921.32
-18870.828,-66805.007
31540.860,14604.158
-68375.599,-120173.36
-64664.046,-120851.65
-10476.459,-127527.15
57333.692,-2635.3421
-37217.928,-50322.619
46453.607,-51560.029
3146.1820,-37961.874
-48206.324,-146344.16
29306.713,4609.7381
-4509.7757,-48830.904
-24410.455,-83238.715
-53592.552,-40553.595
-19910.922,-60693.223
16948.402,-22903.821
128862.03,71875.642
2606.9528,-114247.34
17548.625,11676.291
48014.335,5707.1325
-43877.097,-90463.418
-18655.903,-100233.62
-2778.6138,-32633.352
-115951.61,-220923.59
-43843.458,-51167.039
34837.739,21162.867
-47308.977,-102257.99
27765.930,41134.042
55112.175,25309.098
3290.0079,-111726.16
-19066.531,-118271.25
83169.103,73272.150
49101.104,-30650.349
-39375.503,-116647.47
-17705.732,-85270.470
78831.845,78417.514
-49776.985,-81415.182
-13609.733,-99376.513
-32736.734,-175988.37
-7139.5723,-99613.130
-65386.057,-136056.66
-82571.882,-113495.96
326.33170,-124255.38
55873.589,14298.576
-72930.688,-140299.14
-46219.828,-49797.331
-15914.398,-76731.484
-12529.725,-57218.816
-16492.004,-23582.395
-44384.343,-190962.61
-7393.9419,-97316.004
-161495.32,-229117.02
-46697.982,-96841.277
-58955.708,-106446.93
51488.751,14408.634
28367.726,-9541.9859
25541.990,6148.8410
-55530.437,-93948.531
-46431.949,-44534.268
-32830.498,-101997.62
-20000.714,-22572.293
-7425.4982,-55472.052
22771.882,-15407.025
-15217.745,-7906.1654
-72834.589,-129320.94
36548.923,-36253.403
8025.5153,-5810.7188
-30356.097,-70084.130
-38668.708,-67569.853
14886.881,-72204.917
52933.474,16032.569
40534.995,-44806.067
-105686.34,-180552.11
-83838.022,-159591.64
10781.825,-30644.698
30.662584,6404.7152
-24727.552,-74572.350
-82458.338,-156065.65
-22871.839,-54971.247
-16551.762,-94695.076
34055.924,8240.4968
52632.843,47545.798
-69008.083,-118439.34
61911.833,39909.395
126817.44,110029.29
88319.194,54691.487
-85938.037,-140006.07
21039.540,-15172.891
64228.933,30053.022
-105971.91,-144188.21
1071.7849,-50160.891
-44363.035,-121530.85
-107321.97,-177730.49
-35244.583,-69716.254
-29784.289,-100655.36
-61348.877,-69331.390
11827.477,-31988.278
40931.878,-26468.928
-3620.3341,-25028.341
32287.411,-100162.29
10675.409,-96085.501
-54135.005,-33292.954
2340.1851,-58837.818
-58652.918,-65853.281
-80073.794,-140395.28
-19684.866,-52234.992
-36716.804,-140953.86
-9103.1050,-60658.109
135.85039,-66220.583
40574.126,-2862.5786
-20505.902,-70081.298
31574.885,53668.888
19690.139,-78188.749
78468.925,45189.474
-35057.578,-51238.414
-15301.472,-65260.555
-66883.414,-76737.558
23022.358,-26456.537
-36035.196,-111262.68
-32795.015,-27664.615
69775.323,7667.4324
-92621.686,-128958.26
9339.0991,-7548.5906
-65914.609,-113373.72
-29788.292,-111320.06
-81744.652,-184994.52
-21874.993,-61265.041
-56433.943,-128367.55
-60603.168,-131482.54
-99026.831,-160667.15
6291.2548,-45279.004
1708.8662,-45266.837
55786.353,79396.573
36988.296,29131.752
-37802.439,-43752.765
-64974.505,-128947.54
-121144.28,-222180.27
24038.922,-23382.967
-110804.95,-106509.90
22374.419,-55201.752
19969.241,-21714.596
16563.738,-9497.8400
-70977.526,-115638.96
-119106.27,-163911.97
-23775.324,-12032.164
-19275.627,-89717.349
59088.205,12210.910
-64687.803,-211395.61
-499.36239,-7818.4533
-83881.311,-133471.41
-19186.403,-68383.142
-39419.993,-128225.23
-108917.38,-161704.14
66894.385,41221.017
-131358.20,-129750.41
71474.750,-16167.609
-43824.982,-8454.6383
-65270.938,-58709.639
-34638.876,-111672.32
-23955.966,-78332.427
-103950.94,-130521.06
-64739.722,-96151.950
-45843.134,-96023.596
-60999.411,-37347.056
7843.3348,30691.202
59389.909,-14436.733
-49766.119,-69090.090
7300.9260,-2609.6062
-8317.4119,-36352.359
-114325.21,-162527.90
-34789.538,-29921.231
15931.628,59170.510
-34473.809,-60158.199
-27627.100,-59899.325
-27035.176,-68493.074
-12448.328,-50770.016
-483.78305,-64459.685
37289.201,-67429.388
4700.9298,-67006.072
-151359.04,-254788.91
32630.341,3495.8393
-79918.084,-176013.52
14338.238,22770.575
58151.976,50380.321
-61717.139,-173608.13
-4523.8381,-73077.387
-14580.491,-93193.265
24377.133,10189.333
-3561.9701,-70522.220
-30131.809,-85883.365
-91772.883,-94286.434
7193.3877,34326.629
-112183.86,-204806.18
-21078.272,-113260.47
91543.797,96049.891
30509.475,-15729.023
-28474.941,-91264.993
-101035.57,-194747.09
-40.119902,-62192.539
-13374.211,-65936.926
-14001.488,-32073.399
-64017.781,-78660.807
31455.771,-673.03002
-52969.137,-151187.44
-20188.073,-64148.963
-11162.641,-29778.934
23490.335,-31531.481
-31483.789,-129155.22
2593.8386,-51403.855
-2248.2714,-55684.411
39216.458,35447.893
-108292.36,-145562.41
-30808.055,-112593.11
-90365.494,-142691.32
-14162.500,-22304.331
-22437.305,-98964.060
-54982.949,-127262.60
-29005.179,-144463.77
32691.617,-34087.715
-54417.090,-140075.99
-53359.354,-131038.36
-1727.4585,-24069.989
-16465.549,-19606.468
-29405.746,-43587.781
-45967.666,-141567.28
17634.988,-44699.030
-14556.576,-115349.55
-43418.909,-86526.718
34491.516,-19678.528
66288.833,43345.587
12328.067,-230.10107
16010.991,-114199.11
-68166.480,-126835.11
9435.8574,-15602.102
-26003.473,-126469.14
16240.816,3839.4963
-56442.968,-145036.06
-7713.8549,-32779.679
-80092.431,-158684.45
4408.2936,-39478.779
1157.2523,-15672.855
73610.614,83876.479
19918.492,-82297.562
-70887.032,-153978.04
-58125.720,-143614.57
22753.017,-36703.634
3290.7329,-76319.068
-34300.838,-56320.822
56659.976,6906.2534
6318.3787,-2771.9409
-93142.686,-110706.31
-9741.8875,-84184.127
3992.4301,-87587.774
-80165.477,-152379.35
-30484.746,-108638.55
-47153.862,-133434.43
-13768.917,-57349.295
-52066.082,-158055.01
34099.318,-26298.238
-46549.745,-105056.56
-23555.045,-109008.36
-28444.828,-132930.61
-196798.97,-279741.18
35219.826,-15735.725
-4786.4248,14074.658
-113070.58,-202416.34
-97958.287,-179288.50
-109687.77,-97557.841
13987.853,8647.8148
36496.849,-15915.151
-28921.733,-9341.8523
-1618.3953,-56504.864
-10323.887,-55769.422
-44493.504,-95716.462
5769.0719,-1146.9249
11898.852,-14672.363
48968.061,-2791.4601
-34360.314,-74003.708
-32785.508,-127122.10
-29071.619,-69277.327
25133.809,15673.103
-53526.118,-157691.85
23905.592,-17442.289
13608.372,-82663.534
-85295.582,-136664.26
-3189.7732,-58545.186
30000.261,934.90639
35877.549,-28023.467
-68368.291,-150496.49
56407.145,13650.372
-18457.027,-67598.588
13750.402,-94024.575
-53829.957,-155600.49
-38912.927,-72132.055
49051.242,14858.446
71250.729,-404.50638
-41755.689,-147818.31
39508.050,82379.090
-44975.117,-49826.117
30265.456,-61517.677
2284.7650,-86471.779
-13836.694,-41350.556
103098.12,152515.29
-30707.143,-110506.70
-111346.53,-146612.35
-113049.53,-159196.41
-19405.299,-59127.219
-44999.669,-61274.078
10427.753,5566.2294
57665.316,-13771.101
-42178.512,-166182.37
-6106.5742,-108659.94
-33459.644,-6911.8787
82244.575,-23884.300
41098.799,19594.582
-46227.658,-97384.565
42970.516,4248.1850
-75249.083,-135473.55
23914.983,-26343.441
99263.880,56039.627
65687.333,37965.981
19047.060,13120.035
-38543.758,-114759.05
-35116.916,-42339.463
39978.196,-4848.7717
111216.25,95121.906
-18189.978,-71776.240
-6273.8568,-93373.495
46597.325,85821.586
-141818.40,-151925.53
-12248.435,-101019.47
-64909.488,-173112.79
2206.8060,-3593.4953
75336.837,-5806.8001
15936.712,-18834.232
-15242.164,-47687.756
27802.649,2322.0833
112969.45,96526.317
12079.070,-12168.018
16219.259,-10703.753
-16276.829,-111042.82
-22349.752,-105175.99
13082.321,-3677.5787
37236.177,-54756.983
-64802.969,-165573.17
-48069.178,-11533.938
-37937.221,-55018.128
-80496.865,-191980.19
28588.837,-33939.123
-98543.512,-215418.65
-69331.476,-104540.18
-74781.799,-40013.271
-57688.675,-164686.27
-91526.713,-112087.59
-36349.904,-129403.73
31034.984,-52221.404
-12633.425,-21847.693
28800.688,-52880.438
22731.197,-33539.781
6411.7162,-67545.378
-95635.956,-168059.95
6679.1973,-19669.315
-121048.55,-249780.04
-44655.268,-76600.683
36702.317,-6461.3417
-3455.1313,-28855.001
-30209.328,-182208.33
32706.923,-309.86892
83635.692,80823.368
-95062.621,-104958.29
56747.040,40027.474
-638.81673,-86562.265
-31325.250,-73059.272
-59048.345,-118312.35
-116062.18,-159114.63
-48247.457,-148517.51
-11869.711,-39568.529
-56992.820,-173183.70
63138.847,-7016.8831
153749.40,87020.665
-13203.784,-29460.926
72084.544,62781.420
-5566.3909,-67249.525
-16889.351,-70367.167
31472.769,-14189.606
-74410.234,-174846.66
64154.692,24316.321
-19761.352,-21174.337
-31966.444,-60178.855
-71974.970,-121671.29
-15427.602,-21750.294
386.77356,-109694.38
23758.887,-105293.45
-53182.841,-118643.26
-40747.737,-124813.02
-14261.653,-38222.227
-55944.185,-60212.544
25137.096,1911.6128
-140942.97,-192313.71
-48284.319,-92919.579
-88523.203,-156316.37
-20103.709,-111635.77
-39010.814,-98945.074
25928.053,-47971.389
47366.282,-35853.397
-22121.960,-89514.803
-63788.144,-101074.06
-101181.80,-215189.39
22039.930,-29729.108
5827.7068,-65955.666
-55895.998,-104323.01
-60197.505,-102741.49
-52620.458,-70619.634
-5782.1397,-1768.5130
10144.672,-74299.818
32928.522,-7506.9899
13040.162,-76161.031
76245.859,47965.501
97210.643,19983.646
26424.369,61713.204
3523.9152,-42894.047
-2667.1273,-43530.086
-139387.32,-247880.39
45721.087,-43559.473
-12174.067,-14794.058
51812.414,131260.71
-49483.256,-175819.15
-45912.350,-147370.63
-45495.962,-124178.85
-76274.169,-166391.04
48741.080,-41937.243
-62740.850,-67583.974
-40968.138,-55026.412
23959.550,-9935.9603
12043.111,-76568.919
5431.1354,-47739.618
-33738.978,-50303.396
-40232.380,-125103.00
1013.0081,-68733.691
42475.005,31890.927
-41902.124,-101511.20
-29488.986,-59222.145
67888.781,79694.597
9462.1867,-64918.571
32743.182,29863.689
-21164.620,-107865.09
49080.031,-44050.694
-20496.152,-35449.073
-102453.79,-139663.13
-15558.537,37878.213
15490.185,-27856.488
49511.969,22006.463
-30536.522,-104200.95
-33106.129,-76746.035
-9139.1170,-128714.89
-54645.977,-105149.50
-16245.154,-58962.469
-58919.198,-134072.76
-8057.0475,-44557.350
29875.251,11431.168
-84632.728,-161285.24
-5154.4058,-47660.973
-4321.8161,-55915.481
-2990.1313,-60928.027
-97469.354,-140756.79
-26788.348,-131358.69
21810.815,-63987.284
35935.720,37395.553
56794.904,-9902.6371
-57384.671,-146740.69
-5724.7443,10790.950
-86940.208,-196726.33
6878.6156,-8098.1795
-32545.292,-108536.93
-79342.426,-149140.95
21573.766,12305.456
-30181.524,-109886.86
-71453.590,-151150.14
-49604.524,-169142.17
13316.771,-32808.714
52958.318,41700.987
-58343.367,-106867.42
65151.521,1232.0925
-37629.156,-77749.179
33318.457,92142.861
-52746.619,-75191.661
-34908.329,-11390.912
-12260.833,-87486.315
-2136.6041,-26286.359
5349.9784,-53461.165
-38239.474,-100896.60
58035.511,1025.3427
-11507.977,-36623.338
39677.992,-9713.1922
52750.385,51008.196
51633.512,-20815.696
-109627.26,-150018.90
-16943.631,-33609.802
4189.9126,13106.020
39331.044,63135.279
22411.008,10056.415
-27378.765,-91537.393
-56799.151,-126268.36
-52208.953,-153345.35
-12701.050,-68103.337
-93774.976,-134755.55
-60301.414,-121739.61
57648.427,525.27038
-19990.762,-49349.458
-39774.154,-38169.029
-73845.236,-115624.58
35296.920,49513.408
-70214.256,-103792.61
-22201.821,-51730.702
-25741.044,-85947.892
7009.2056,-27159.821
-33101.053,-59625.080
65915.662,11657.249
-29959.109,-130439.07
-123203.95,-222608.32
90039.058,101809.65
-18516.824,-27864.975
7721.1132,-34305.546
51288.317,22744.716
-68121.464,-115177.98
52232.447,42582.637
25282.644,1219.3420
35284.254,-15911.052
21957.972,-25695.421
-78411.155,-112799.43
-34593.339,-66717.345
30091.563,17954.936
-21962.066,-123617.69
32973.498,-36270.335
-35824.278,-89762.288
-52669.348,-136894.88
23194.436,107935.94
-54059.071,-122901.70
-66963.910,-177721.54
22619.079,47495.872
7953.9210,-76203.859
-46255.379,-139312.40
-95806.670,-197232.81
-100345.74,-159139.11
10030.026,-123125.42
-47178.002,-81399.106
-16432.163,-54069.469
-11580.901,-60836.167
105688.20,56258.571
-64768.241,-209724.53
87775.017,65517.122
-39147.823,-50131.013
-60458.862,-95052.785
-92023.554,-197541.58
-23202.299,-90468.149
-17301.887,-67712.820
-43434.306,-129444.69
34827.220,-33205.155
137629.81,86881.701
3976.3975,-45370.267
20387.266,-41799.993
7369.0177,2194.5780
-61547.204,-91106.313
-16911.165,-37564.863
-28407.625,-96274.421
-19986.557,-64256.900
-48897.667,-149418.80
-16431.680,-17383.878
17268.705,-55665.688
43878.388,-15271.728
24273.292,-41465.701
-3780.7469,-39402.030
-16380.992,-18020.471
-14884.534,-74940.631
-1895.5163,45600.195
-30571.698,-126222.72
49142.286,466.20126
-68284.969,-157816.82
-10481.607,-18666.507
-48647.997,-141604.23
44916.114,31299.920
-20243.180,-10958.522
-21263.152,-95139.489
-82454.025,-151625.01
-9970.5554,-44115.042
66436.096,-16102.867
-18947.677,-52188.222
-47845.481,-124277.23
30587.057,-95528.803
-49575.627,-115398.64
52564.531,-4412.7633
7664.4345,-16595.344
-51302.578,-86570.033
50189.533,27025.936
-114710.71,-196461.14
-11592.771,-30784.895
-77783.836,-130089.96
-125654.28,-218432.79
-90979.467,-200613.87
-107347.58,-195121.39
-5552.2328,-83699.777
36959.388,19534.415
-66866.807,-125541.37
11134.632,-47959.588
-89245.047,-142214.70
-2047.4650,-40138.192
25481.749,5598.4722
89822.562,66897.983
-139314.63,-259588.03
-74731.683,-147368.72
-20712.135,-34259.521
34060.844,-12040.302
-45725.839,-145542.57
21890.530,-49512.859
-6886.8907,-94274.709
-91108.425,-140701.03
-100182.10,-239617.63
-65225.067,-110096.99
-18653.907,-103722.82
-31025.862,-78345.092
-44615.753,-20264.261
-184752.02,-242863.03
-20140.841,-40107.603
27513.931,-31268.944
-17587.703,-82404.260
-92723.174,-188857.45
-62865.701,-113609.65
13877.866,-4096.1563
-58174.395,-110957.41
47752.978,32527.528
55596.356,-56024.486
-26787.877,-50000.767
-13927.084,-95516.082
57649.287,37063.832
-62073.603,-121737.85
-66465.115,-121820.76
4297.5114,24202.692
5233.4963,-1255.4102
-16137.214,-45342.302
64652.158,11905.436
34232.120,-231.18326
-19630.122,-35916.034
-87872.971,-121911.02
-56943.293,-108605.15
77463.444,54448.658
84930.898,47558.314
-44368.556,-81093.963
-18785.546,-67609.749
52518.573,51373.802
-9402.7984,-77949.391
14228.602,-20917.972
-95006.745,-196065.13
-144436.82,-208505.90
-31122.804,-49711.180
7766.3887,-97015.059
-97957.468,-186773.84
-30393.385,-87792.037
7083.1653,-31672.631
7821.7221,11880.442
-77756.363,-133181.31
-70225.529,-129582.50
23720.750,14368.149
-74639.782,-162572.01
-96137.988,-137982.69
23933.866,14620.390
12311.606,-25429.752
-21889.553,-49240.147
-49061.152,-109009.03
80650.373,86069.950
39115.659,729.70419
-13148.092,-109039.30
-122752.60,-209735.21
-53203.184,-182388.09
37323.753,21065.630
-22309.886,-53357.785
-31391.706,-75969.469
9028.5905,-18679.196
-19464.014,-71838.481
-9001.0420,-7815.4370
-49904.993,-93920.790
-12181.747,-32604.660
-59304.130,-91622.040
-20869.117,-42229.889
41659.028,-4501.7704
33759.656,9799.5376
-36106.237,-12552.903
-13955.068,-136016.92
2598.6476,-11887.601
11761.156,-4527.5030
98057.616,102988.42
564.61569,-60676.171
30571.851,25438.377
-63501.164,-83774.837
-54675.273,-91438.601
-58628.011,-160980.63
-39079.879,-130524.61
-23056.299,-85986.451
112360.37,49807.487
-9583.5384,-79534.510
26339.627,80235.645
-1913.6675,-47965.918
-70875.828,-180410.00
34424.867,53533.651
28048.755,-48805.602
-8816.1226,-102285.06
30301.652,23232.384
-10196.787,-53115.370
-1540.2253,-43462.266
-19632.617,-11825.064
68195.869,103490.83
-36581.965,-66747.656
69252.189,97070.310
-95295.938,-104032.25
-31215.775,-75527.038
8243.0607,-762.38451
-59079.245,-125796.73
-8346.5450,-56841.011
-40704.322,-89255.394
-14528.510,-97750.796
-84526.195,-140729.30
-44727.091,-154985.44
-23645.509,-104814.37
-23444.657,-107497.14
38436.349,65309.963
22630.244,26533.579
45351.363,560.42459
79869.619,52716.905
5763.3580,-16131.193
-3868.8680,-95650.385
46656.416,16477.778
-43339.219,-55893.381
-94327.498,-198657.96
11667.725,61693.417
-70330.370,-40175.646
-89061.171,-173685.44
-96183.972,-143805.31
-7889.4682,-57463.894
96431.561,27294.217
-33989.293,-31483.451
-47932.396,-185385.95
62100.212,37080.250
-79910.300,-166642.58
47331.122,27665.261
-48062.383,-6430.7737
9442.6187,-48826.908
-15726.806,-33135.401
-78551.531,-101268.26
72176.421,43229.264
-11781.966,-57206.542
-64568.416,-133335.26
61797.009,28965.989
-9698.6933,-48643.504
-41819.171,-62070.962
-53033.814,-102759.43
51214.547,-28515.586
38153.290,11360.429
52649.332,41981.358
-6801.7394,-75477.235
-38692.721,-127804.02
-188.01073,-35968.389
-30811.007,-30322.354
-18624.736,-60460.190
-3752.8776,-86500.979
-47182.015,-78667.082
44591.513,15818.958
-29896.993,-74514.318
-12992.694,-48075.801
18394.124,-14042.157
9340.7792,-90674.515
-20001.581,-139318.07
25475.830,-83439.290
-30820.167,-93599.824
105843.08,33019.060
-35576.354,5112.7987
44289.602,3817.7267
-123938.50,-201600.14
41915.695,-50576.946
67299.405,1319.8891
-84303.962,-159568.49
70108.443,18023.319
-41912.241,-109373.44
20124.217,-60841.545
-14903.748,-74816.424
-38844.065,-148798.01
-46333.347,-16340.635
-52209.923,-39708.046
-36404.784,-123551.20
8866.5243,-10635.094
-91202.223,-109077.83
16878.415,3513.8587
125967.59,70805.697
-80877.420,-107995.68
50449.704,7664.9457
-66588.412,-133831.22
5759.0911,-29632.143
20718.738,36071.131
-28612.192,-58241.687
18889.826,18794.364
-36064.394,-105339.48
-6850.8626,-10387.973
-80514.374,-109356.96
-14623.649,-97098.826
-35804.324,-118657.41
-24288.000,-107686.09
27832.395,-31946.364
-60430.026,-148298.26
-18066.953,-80670.177
-57288.593,-134513.63
-85669.122,-180475.40
